<?xml version="1.0" encoding="UTF-8"?>
<GenRun Id="synth_1" LaunchPart="xc7z010clg225-1" LaunchTime="1476015738">
  <File Type="RDS-PROPCONSTRS" Name="zsys_wrapper_drc_synth.rpt"/>
  <File Type="PA-TCL" Name="zsys_wrapper.tcl"/>
  <File Type="RDS-RDS" Name="zsys_wrapper.vds"/>
  <File Type="RDS-UTIL" Name="zsys_wrapper_utilization_synth.rpt"/>
  <File Type="RDS-UTIL-PB" Name="zsys_wrapper_utilization_synth.pb"/>
  <File Type="RDS-DCP" Name="zsys_wrapper.dcp"/>
  <File Type="VDS-TIMINGSUMMARY" Name="zsys_wrapper_timing_summary_synth.rpt"/>
  <File Type="VDS-TIMING-PB" Name="zsys_wrapper_timing_summary_synth.pb"/>
  <FileSet Name="sources" Type="DesignSrcs" RelSrcDir="$PSRCDIR/sources_1">
    <Filter Type="Srcs"/>
    <File Path="$PSRCDIR/sources_1/bd/zsys/zsys.bd">
      <FileInfo>
        <Attr Name="UsedIn" Val="synthesis"/>
        <Attr Name="UsedIn" Val="implementation"/>
        <Attr Name="UsedIn" Val="simulation"/>
      </FileInfo>
    </File>
    <File Path="$PSRCDIR/sources_1/bd/zsys/hdl/zsys_wrapper.v">
      <FileInfo>
        <Attr Name="UsedIn" Val="synthesis"/>
        <Attr Name="UsedIn" Val="implementation"/>
        <Attr Name="UsedIn" Val="simulation"/>
      </FileInfo>
    </File>
    <Config>
      <Option Name="DesignMode" Val="RTL"/>
      <Option Name="TopModule" Val="zsys_wrapper"/>
      <Option Name="TopAutoSet" Val="TRUE"/>
    </Config>
  </FileSet>
  <FileSet Name="constrs_in" Type="Constrs" RelSrcDir="$PSRCDIR/constrs_1">
    <Filter Type="Constrs"/>
    <File Path="$PPRDIR/../../../../../../Downloads/te0726-te0726_m_sdsoc-vivado_2016.2-build_07_20160927093421/te0726_m_sdsoc/constraints/vivado_target.xdc">
      <FileInfo>
        <Attr Name="UsedIn" Val="synthesis"/>
        <Attr Name="UsedIn" Val="implementation"/>
      </FileInfo>
    </File>
    <File Path="$PSRCDIR/constrs_1/_i_exclude_boardpart_io_loc.xdc">
      <FileInfo>
        <Attr Name="UsedIn" Val="implementation"/>
      </FileInfo>
    </File>
    <Config>
      <Option Name="TargetConstrsFile" Val="$PPRDIR/../../../../../../Downloads/te0726-te0726_m_sdsoc-vivado_2016.2-build_07_20160927093421/te0726_m_sdsoc/constraints/vivado_target.xdc"/>
      <Option Name="ConstrsType" Val="XDC"/>
    </Config>
  </FileSet>
  <Strategy Version="1" Minor="2">
    <StratHandle Name="Vivado Synthesis Defaults" Flow="Vivado Synthesis 2016"/>
    <Step Id="synth_design"/>
  </Strategy>
  <BlockFileSet Type="BlockSrcs" Name="zsys_rst_processing_system7_0_50M_0"/>
  <BlockFileSet Type="BlockSrcs" Name="zsys_rst_processing_system7_0_25M_0"/>
  <BlockFileSet Type="BlockSrcs" Name="zsys_rst_processing_system7_0_150M_0"/>
  <BlockFileSet Type="BlockSrcs" Name="zsys_processing_system7_0_0"/>
  <BlockFileSet Type="BlockSrcs" Name="zsys_ps7_irq_const_0"/>
  <BlockFileSet Type="BlockSrcs" Name="zsys_xlconcat_0"/>
  <BlockFileSet Type="BlockSrcs" Name="zsys_rst_processing_system7_0_100M_0"/>
</GenRun>
