<?xml version="1.0" encoding="UTF-8"?>
<xd:repository xmlns:xd="http://www.xilinx.com/xd" xd:vendor="xilinx.com" xd:library="ip" xd:name="stream_gate" xd:version="1.0">
    <xd:component xd:vendor="xilinx.com" xd:library="ip" xd:name="stream_gate" xd:version="1.0">
        <xd:busInterface xd:name="s_axis" xd:busTypeRef="axis" xd:mode="slave" xd:direction="in" xd:dataWidth="64" xd:hasTlast="true" xd:clockRef="s_axis_aclk" xd:resetRef="s_axi_aresetn"/>
        <xd:busInterface xd:name="m_axis" xd:busTypeRef="axis" xd:mode="master" xd:direction="out" xd:dataWidth="64" xd:hasTlast="true" xd:clockRef="s_axis_aclk" xd:resetRef="s_axi_aresetn"/>
        <xd:busInterface xd:name="s_axi_aclk" xd:busTypeRef="clock" xd:mode="slave" xd:direction="in" xd:library="signal" xd:port="s_axi_aclk"/>
        <xd:busInterface xd:name="s_axis_aclk" xd:busTypeRef="clock" xd:mode="slave" xd:direction="in" xd:library="signal" xd:port="s_axis_aclk"/>
        <xd:busInterface xd:name="s_axi" xd:busTypeRef="aximm" xd:mode="slave" xd:clockRef="s_axi_aclk" xd:resetRef="s_axi_aresetn"/>
        <xd:busInterface xd:name="s_axi_aresetn" xd:busTypeRef="reset" xd:mode="slave" xd:direction="in" xd:library="signal" xd:port="s_axi_aresetn"/>
    </xd:component>
</xd:repository>
