<?xml version="1.0" encoding="UTF-8" ?>
<webTalkData  fileName='usage_statistics_webtalk.xml'  majorVersion='1' minorVersion='0' timeStamp='Sun Oct  7 09:22:10 2018'>
<section name="__ROOT__" level="0" order="1" description="">
 <section name="software_version_and_target_device" level="1" order="1" description="">
  <keyValuePair key="beta" value="FALSE" description="" />
  <keyValuePair key="build_version" value="2258646" description="" />
  <keyValuePair key="date_generated" value="Sun Oct  7 09:22:10 2018" description="" />
  <keyValuePair key="os_platform" value="WIN64" description="" />
  <keyValuePair key="product_version" value="Vivado v2018.2 (64-bit)" description="" />
  <keyValuePair key="project_id" value="5e8403c62c22430faf5a18b10778782e" description="" />
  <keyValuePair key="project_iteration" value="1" description="" />
  <keyValuePair key="random_id" value="1f8a534160745828b13eb8645125664d" description="" />
  <keyValuePair key="registration_id" value="176032993_1777485347_210684842_763" description="" />
  <keyValuePair key="route_design" value="TRUE" description="" />
  <keyValuePair key="target_device" value="xczu3eg" description="" />
  <keyValuePair key="target_family" value="zynquplus" description="" />
  <keyValuePair key="target_package" value="sbva484" description="" />
  <keyValuePair key="target_speed" value="-1" description="" />
  <keyValuePair key="tool_flow" value="Vivado" description="" />
 </section>
 <section name="user_environment" level="1" order="2" description="">
  <keyValuePair key="cpu_name" value="Intel(R) Core(TM) i7-6700HQ CPU @ 2.60GHz" description="" />
  <keyValuePair key="cpu_speed" value="2592 MHz" description="" />
  <keyValuePair key="os_name" value="Microsoft Windows 8 or later , 64-bit" description="" />
  <keyValuePair key="os_release" value="major release  (build 9200)" description="" />
  <keyValuePair key="system_ram" value="17.000 GB" description="" />
  <keyValuePair key="total_processors" value="1" description="" />
 </section>
 <section name="ip_statistics" level="1" order="3" description="">
  <section name="IP_Integrator/1" level="2" order="1" description="">
   <keyValuePair key="bdsource" value="USER" description="" />
   <keyValuePair key="core_container" value="NA" description="" />
   <keyValuePair key="da_zynq_ultra_ps_e_cnt" value="1" description="" />
   <keyValuePair key="iptotal" value="1" description="" />
   <keyValuePair key="maxhierdepth" value="0" description="" />
   <keyValuePair key="numblks" value="1" description="" />
   <keyValuePair key="numhdlrefblks" value="0" description="" />
   <keyValuePair key="numhierblks" value="0" description="" />
   <keyValuePair key="numhlsblks" value="0" description="" />
   <keyValuePair key="numnonxlnxblks" value="0" description="" />
   <keyValuePair key="numpkgbdblks" value="0" description="" />
   <keyValuePair key="numreposblks" value="1" description="" />
   <keyValuePair key="numsysgenblks" value="0" description="" />
   <keyValuePair key="synth_mode" value="OOC_per_IP" description="" />
   <keyValuePair key="x_iplanguage" value="VHDL" description="" />
   <keyValuePair key="x_iplibrary" value="BlockDiagram" description="" />
   <keyValuePair key="x_ipname" value="design_1" description="" />
   <keyValuePair key="x_ipvendor" value="xilinx.com" description="" />
   <keyValuePair key="x_ipversion" value="1.00.a" description="" />
  </section>
  <section name="zynq_ultra_ps_e_v3_2_1_zynq_ultra_ps_e/1" level="2" order="2" description="">
   <keyValuePair key="c_dp_use_audio" value="0" description="" />
   <keyValuePair key="c_dp_use_video" value="0" description="" />
   <keyValuePair key="c_emio_gpio_width" value="1" description="" />
   <keyValuePair key="c_en_emio_trace" value="0" description="" />
   <keyValuePair key="c_en_fifo_enet0" value="0" description="" />
   <keyValuePair key="c_en_fifo_enet1" value="0" description="" />
   <keyValuePair key="c_en_fifo_enet2" value="0" description="" />
   <keyValuePair key="c_en_fifo_enet3" value="0" description="" />
   <keyValuePair key="c_maxigp0_data_width" value="128" description="" />
   <keyValuePair key="c_maxigp1_data_width" value="128" description="" />
   <keyValuePair key="c_maxigp2_data_width" value="32" description="" />
   <keyValuePair key="c_num_f2p_0_intr_inputs" value="1" description="" />
   <keyValuePair key="c_num_f2p_1_intr_inputs" value="1" description="" />
   <keyValuePair key="c_num_fabric_resets" value="1" description="" />
   <keyValuePair key="c_pl_clk0_buf" value="TRUE" description="" />
   <keyValuePair key="c_pl_clk1_buf" value="FALSE" description="" />
   <keyValuePair key="c_pl_clk2_buf" value="FALSE" description="" />
   <keyValuePair key="c_pl_clk3_buf" value="FALSE" description="" />
   <keyValuePair key="c_saxigp0_data_width" value="128" description="" />
   <keyValuePair key="c_saxigp1_data_width" value="128" description="" />
   <keyValuePair key="c_saxigp2_data_width" value="128" description="" />
   <keyValuePair key="c_saxigp3_data_width" value="128" description="" />
   <keyValuePair key="c_saxigp4_data_width" value="128" description="" />
   <keyValuePair key="c_saxigp5_data_width" value="128" description="" />
   <keyValuePair key="c_saxigp6_data_width" value="128" description="" />
   <keyValuePair key="c_sd0_internal_bus_width" value="4" description="" />
   <keyValuePair key="c_sd1_internal_bus_width" value="4" description="" />
   <keyValuePair key="c_trace_data_width" value="32" description="" />
   <keyValuePair key="c_trace_pipeline_width" value="8" description="" />
   <keyValuePair key="c_use_debug_test" value="0" description="" />
   <keyValuePair key="c_use_diff_rw_clk_gp0" value="0" description="" />
   <keyValuePair key="c_use_diff_rw_clk_gp1" value="0" description="" />
   <keyValuePair key="c_use_diff_rw_clk_gp2" value="0" description="" />
   <keyValuePair key="c_use_diff_rw_clk_gp3" value="0" description="" />
   <keyValuePair key="c_use_diff_rw_clk_gp4" value="0" description="" />
   <keyValuePair key="c_use_diff_rw_clk_gp5" value="0" description="" />
   <keyValuePair key="c_use_diff_rw_clk_gp6" value="0" description="" />
   <keyValuePair key="core_container" value="NA" description="" />
   <keyValuePair key="iptotal" value="1" description="" />
   <keyValuePair key="x_ipcorerevision" value="1" description="" />
   <keyValuePair key="x_iplanguage" value="VHDL" description="" />
   <keyValuePair key="x_iplibrary" value="ip" description="" />
   <keyValuePair key="x_ipname" value="zynq_ultra_ps_e" description="" />
   <keyValuePair key="x_ipproduct" value="Vivado 2018.2" description="" />
   <keyValuePair key="x_ipsimlanguage" value="MIXED" description="" />
   <keyValuePair key="x_ipvendor" value="xilinx.com" description="" />
   <keyValuePair key="x_ipversion" value="3.2" description="" />
  </section>
  <section name="zynq_ultra_ps_e_v3_2_user_configuration/1" level="2" order="3" description="">
   <keyValuePair key="core_container" value="NA" description="" />
   <keyValuePair key="iptotal" value="1" description="" />
   <keyValuePair key="psu__acpu0__power__on" value="1" description="" />
   <keyValuePair key="psu__acpu1__power__on" value="1" description="" />
   <keyValuePair key="psu__acpu2__power__on" value="1" description="" />
   <keyValuePair key="psu__acpu3__power__on" value="1" description="" />
   <keyValuePair key="psu__actual__ip" value="1" description="" />
   <keyValuePair key="psu__can0__grp_clk__enable" value="0" description="" />
   <keyValuePair key="psu__can0__peripheral__enable" value="0" description="" />
   <keyValuePair key="psu__can0_loop_can1__enable" value="0" description="" />
   <keyValuePair key="psu__can1__grp_clk__enable" value="0" description="" />
   <keyValuePair key="psu__can1__peripheral__enable" value="0" description="" />
   <keyValuePair key="psu__crf_apb__acpu_ctrl__act_freqmhz" value="1199.999988" description="" />
   <keyValuePair key="psu__crf_apb__acpu_ctrl__divisor0" value="1" description="" />
   <keyValuePair key="psu__crf_apb__acpu_ctrl__freqmhz" value="1200" description="" />
   <keyValuePair key="psu__crf_apb__acpu_ctrl__srcsel" value="APLL" description="" />
   <keyValuePair key="psu__crf_apb__afi0_ref__enable" value="0" description="" />
   <keyValuePair key="psu__crf_apb__afi0_ref_ctrl__act_freqmhz" value="667" description="" />
   <keyValuePair key="psu__crf_apb__afi0_ref_ctrl__divisor0" value="2" description="" />
   <keyValuePair key="psu__crf_apb__afi0_ref_ctrl__freqmhz" value="667" description="" />
   <keyValuePair key="psu__crf_apb__afi0_ref_ctrl__srcsel" value="DPLL" description="" />
   <keyValuePair key="psu__crf_apb__afi1_ref__enable" value="0" description="" />
   <keyValuePair key="psu__crf_apb__afi1_ref_ctrl__act_freqmhz" value="667" description="" />
   <keyValuePair key="psu__crf_apb__afi1_ref_ctrl__divisor0" value="2" description="" />
   <keyValuePair key="psu__crf_apb__afi1_ref_ctrl__freqmhz" value="667" description="" />
   <keyValuePair key="psu__crf_apb__afi1_ref_ctrl__srcsel" value="DPLL" description="" />
   <keyValuePair key="psu__crf_apb__afi2_ref__enable" value="0" description="" />
   <keyValuePair key="psu__crf_apb__afi2_ref_ctrl__act_freqmhz" value="667" description="" />
   <keyValuePair key="psu__crf_apb__afi2_ref_ctrl__divisor0" value="2" description="" />
   <keyValuePair key="psu__crf_apb__afi2_ref_ctrl__freqmhz" value="667" description="" />
   <keyValuePair key="psu__crf_apb__afi2_ref_ctrl__srcsel" value="DPLL" description="" />
   <keyValuePair key="psu__crf_apb__afi3_ref__enable" value="0" description="" />
   <keyValuePair key="psu__crf_apb__afi3_ref_ctrl__act_freqmhz" value="667" description="" />
   <keyValuePair key="psu__crf_apb__afi3_ref_ctrl__divisor0" value="2" description="" />
   <keyValuePair key="psu__crf_apb__afi3_ref_ctrl__freqmhz" value="667" description="" />
   <keyValuePair key="psu__crf_apb__afi3_ref_ctrl__srcsel" value="DPLL" description="" />
   <keyValuePair key="psu__crf_apb__afi4_ref__enable" value="0" description="" />
   <keyValuePair key="psu__crf_apb__afi4_ref_ctrl__act_freqmhz" value="667" description="" />
   <keyValuePair key="psu__crf_apb__afi4_ref_ctrl__divisor0" value="2" description="" />
   <keyValuePair key="psu__crf_apb__afi4_ref_ctrl__freqmhz" value="667" description="" />
   <keyValuePair key="psu__crf_apb__afi4_ref_ctrl__srcsel" value="DPLL" description="" />
   <keyValuePair key="psu__crf_apb__afi5_ref__enable" value="0" description="" />
   <keyValuePair key="psu__crf_apb__afi5_ref_ctrl__act_freqmhz" value="667" description="" />
   <keyValuePair key="psu__crf_apb__afi5_ref_ctrl__divisor0" value="2" description="" />
   <keyValuePair key="psu__crf_apb__afi5_ref_ctrl__freqmhz" value="667" description="" />
   <keyValuePair key="psu__crf_apb__afi5_ref_ctrl__srcsel" value="DPLL" description="" />
   <keyValuePair key="psu__crf_apb__apll_ctrl__div2" value="1" description="" />
   <keyValuePair key="psu__crf_apb__apll_ctrl__fbdiv" value="72" description="" />
   <keyValuePair key="psu__crf_apb__apll_ctrl__srcsel" value="PSS_REF_CLK" description="" />
   <keyValuePair key="psu__crf_apb__apll_frac_cfg__enabled" value="0" description="" />
   <keyValuePair key="psu__crf_apb__apll_to_lpd_ctrl__divisor0" value="3" description="" />
   <keyValuePair key="psu__crf_apb__apm_ctrl__act_freqmhz" value="1" description="" />
   <keyValuePair key="psu__crf_apb__apm_ctrl__divisor0" value="1" description="" />
   <keyValuePair key="psu__crf_apb__apm_ctrl__freqmhz" value="1" description="" />
   <keyValuePair key="psu__crf_apb__dbg_fpd_ctrl__act_freqmhz" value="249.999998" description="" />
   <keyValuePair key="psu__crf_apb__dbg_fpd_ctrl__divisor0" value="2" description="" />
   <keyValuePair key="psu__crf_apb__dbg_fpd_ctrl__freqmhz" value="250" description="" />
   <keyValuePair key="psu__crf_apb__dbg_fpd_ctrl__srcsel" value="IOPLL" description="" />
   <keyValuePair key="psu__crf_apb__dbg_trace_ctrl__act_freqmhz" value="250" description="" />
   <keyValuePair key="psu__crf_apb__dbg_trace_ctrl__divisor0" value="2" description="" />
   <keyValuePair key="psu__crf_apb__dbg_trace_ctrl__freqmhz" value="250" description="" />
   <keyValuePair key="psu__crf_apb__dbg_trace_ctrl__srcsel" value="IOPLL" description="" />
   <keyValuePair key="psu__crf_apb__dbg_tstmp_ctrl__act_freqmhz" value="249.999998" description="" />
   <keyValuePair key="psu__crf_apb__dbg_tstmp_ctrl__divisor0" value="2" description="" />
   <keyValuePair key="psu__crf_apb__dbg_tstmp_ctrl__freqmhz" value="250" description="" />
   <keyValuePair key="psu__crf_apb__dbg_tstmp_ctrl__srcsel" value="IOPLL" description="" />
   <keyValuePair key="psu__crf_apb__ddr_ctrl__act_freqmhz" value="266.666664" description="" />
   <keyValuePair key="psu__crf_apb__ddr_ctrl__divisor0" value="4" description="" />
   <keyValuePair key="psu__crf_apb__ddr_ctrl__freqmhz" value="533" description="" />
   <keyValuePair key="psu__crf_apb__ddr_ctrl__srcsel" value="DPLL" description="" />
   <keyValuePair key="psu__crf_apb__dp_audio_ref_ctrl__act_freqmhz" value="24.576042" description="" />
   <keyValuePair key="psu__crf_apb__dp_audio_ref_ctrl__divisor0" value="16" description="" />
   <keyValuePair key="psu__crf_apb__dp_audio_ref_ctrl__divisor1" value="1" description="" />
   <keyValuePair key="psu__crf_apb__dp_audio_ref_ctrl__freqmhz" value="25" description="" />
   <keyValuePair key="psu__crf_apb__dp_audio_ref_ctrl__srcsel" value="RPLL" description="" />
   <keyValuePair key="psu__crf_apb__dp_stc_ref_ctrl__act_freqmhz" value="26.214445" description="" />
   <keyValuePair key="psu__crf_apb__dp_stc_ref_ctrl__divisor0" value="15" description="" />
   <keyValuePair key="psu__crf_apb__dp_stc_ref_ctrl__divisor1" value="1" description="" />
   <keyValuePair key="psu__crf_apb__dp_stc_ref_ctrl__freqmhz" value="27" description="" />
   <keyValuePair key="psu__crf_apb__dp_stc_ref_ctrl__srcsel" value="RPLL" description="" />
   <keyValuePair key="psu__crf_apb__dp_video_ref_ctrl__act_freqmhz" value="297.029588" description="" />
   <keyValuePair key="psu__crf_apb__dp_video_ref_ctrl__divisor0" value="4" description="" />
   <keyValuePair key="psu__crf_apb__dp_video_ref_ctrl__divisor1" value="1" description="" />
   <keyValuePair key="psu__crf_apb__dp_video_ref_ctrl__freqmhz" value="300" description="" />
   <keyValuePair key="psu__crf_apb__dp_video_ref_ctrl__srcsel" value="VPLL" description="" />
   <keyValuePair key="psu__crf_apb__dpdma_ref_ctrl__act_freqmhz" value="599.999994" description="" />
   <keyValuePair key="psu__crf_apb__dpdma_ref_ctrl__divisor0" value="2" description="" />
   <keyValuePair key="psu__crf_apb__dpdma_ref_ctrl__freqmhz" value="600" description="" />
   <keyValuePair key="psu__crf_apb__dpdma_ref_ctrl__srcsel" value="APLL" description="" />
   <keyValuePair key="psu__crf_apb__dpll_ctrl__div2" value="1" description="" />
   <keyValuePair key="psu__crf_apb__dpll_ctrl__fbdiv" value="64" description="" />
   <keyValuePair key="psu__crf_apb__dpll_ctrl__srcsel" value="PSS_REF_CLK" description="" />
   <keyValuePair key="psu__crf_apb__dpll_frac_cfg__enabled" value="0" description="" />
   <keyValuePair key="psu__crf_apb__dpll_to_lpd_ctrl__divisor0" value="3" description="" />
   <keyValuePair key="psu__crf_apb__gdma_ref_ctrl__act_freqmhz" value="599.999994" description="" />
   <keyValuePair key="psu__crf_apb__gdma_ref_ctrl__divisor0" value="2" description="" />
   <keyValuePair key="psu__crf_apb__gdma_ref_ctrl__freqmhz" value="600" description="" />
   <keyValuePair key="psu__crf_apb__gdma_ref_ctrl__srcsel" value="APLL" description="" />
   <keyValuePair key="psu__crf_apb__gpu_ref_ctrl__act_freqmhz" value="499.999995" description="" />
   <keyValuePair key="psu__crf_apb__gpu_ref_ctrl__divisor0" value="1" description="" />
   <keyValuePair key="psu__crf_apb__gpu_ref_ctrl__freqmhz" value="600" description="" />
   <keyValuePair key="psu__crf_apb__gpu_ref_ctrl__srcsel" value="IOPLL" description="" />
   <keyValuePair key="psu__crf_apb__pcie_ref_ctrl__act_freqmhz" value="250" description="" />
   <keyValuePair key="psu__crf_apb__pcie_ref_ctrl__divisor0" value="2" description="" />
   <keyValuePair key="psu__crf_apb__pcie_ref_ctrl__freqmhz" value="250" description="" />
   <keyValuePair key="psu__crf_apb__pcie_ref_ctrl__srcsel" value="IOPLL" description="" />
   <keyValuePair key="psu__crf_apb__sata_ref_ctrl__act_freqmhz" value="250" description="" />
   <keyValuePair key="psu__crf_apb__sata_ref_ctrl__divisor0" value="2" description="" />
   <keyValuePair key="psu__crf_apb__sata_ref_ctrl__freqmhz" value="250" description="" />
   <keyValuePair key="psu__crf_apb__sata_ref_ctrl__srcsel" value="IOPLL" description="" />
   <keyValuePair key="psu__crf_apb__topsw_lsbus_ctrl__act_freqmhz" value="99.999999" description="" />
   <keyValuePair key="psu__crf_apb__topsw_lsbus_ctrl__divisor0" value="5" description="" />
   <keyValuePair key="psu__crf_apb__topsw_lsbus_ctrl__freqmhz" value="100" description="" />
   <keyValuePair key="psu__crf_apb__topsw_lsbus_ctrl__srcsel" value="IOPLL" description="" />
   <keyValuePair key="psu__crf_apb__topsw_main_ctrl__act_freqmhz" value="533.333328" description="" />
   <keyValuePair key="psu__crf_apb__topsw_main_ctrl__divisor0" value="2" description="" />
   <keyValuePair key="psu__crf_apb__topsw_main_ctrl__freqmhz" value="533.333" description="" />
   <keyValuePair key="psu__crf_apb__topsw_main_ctrl__srcsel" value="DPLL" description="" />
   <keyValuePair key="psu__crf_apb__vpll_ctrl__div2" value="1" description="" />
   <keyValuePair key="psu__crf_apb__vpll_ctrl__fbdiv" value="71" description="" />
   <keyValuePair key="psu__crf_apb__vpll_ctrl__srcsel" value="PSS_REF_CLK" description="" />
   <keyValuePair key="psu__crf_apb__vpll_frac_cfg__enabled" value="1" description="" />
   <keyValuePair key="psu__crf_apb__vpll_to_lpd_ctrl__divisor0" value="3" description="" />
   <keyValuePair key="psu__crl_apb__adma_ref_ctrl__act_freqmhz" value="499.999995" description="" />
   <keyValuePair key="psu__crl_apb__adma_ref_ctrl__divisor0" value="3" description="" />
   <keyValuePair key="psu__crl_apb__adma_ref_ctrl__freqmhz" value="500" description="" />
   <keyValuePair key="psu__crl_apb__adma_ref_ctrl__srcsel" value="IOPLL" description="" />
   <keyValuePair key="psu__crl_apb__afi6__enable" value="0" description="" />
   <keyValuePair key="psu__crl_apb__afi6_ref_ctrl__act_freqmhz" value="500" description="" />
   <keyValuePair key="psu__crl_apb__afi6_ref_ctrl__divisor0" value="3" description="" />
   <keyValuePair key="psu__crl_apb__afi6_ref_ctrl__freqmhz" value="500" description="" />
   <keyValuePair key="psu__crl_apb__afi6_ref_ctrl__srcsel" value="IOPLL" description="" />
   <keyValuePair key="psu__crl_apb__ams_ref_ctrl__act_freqmhz" value="51.724137" description="" />
   <keyValuePair key="psu__crl_apb__ams_ref_ctrl__divisor0" value="29" description="" />
   <keyValuePair key="psu__crl_apb__ams_ref_ctrl__divisor1" value="1" description="" />
   <keyValuePair key="psu__crl_apb__ams_ref_ctrl__freqmhz" value="50" description="" />
   <keyValuePair key="psu__crl_apb__ams_ref_ctrl__srcsel" value="IOPLL" description="" />
   <keyValuePair key="psu__crl_apb__can0_ref_ctrl__act_freqmhz" value="100" description="" />
   <keyValuePair key="psu__crl_apb__can0_ref_ctrl__divisor0" value="15" description="" />
   <keyValuePair key="psu__crl_apb__can0_ref_ctrl__divisor1" value="1" description="" />
   <keyValuePair key="psu__crl_apb__can0_ref_ctrl__freqmhz" value="100" description="" />
   <keyValuePair key="psu__crl_apb__can0_ref_ctrl__srcsel" value="IOPLL" description="" />
   <keyValuePair key="psu__crl_apb__can1_ref_ctrl__act_freqmhz" value="100" description="" />
   <keyValuePair key="psu__crl_apb__can1_ref_ctrl__divisor0" value="15" description="" />
   <keyValuePair key="psu__crl_apb__can1_ref_ctrl__divisor1" value="1" description="" />
   <keyValuePair key="psu__crl_apb__can1_ref_ctrl__freqmhz" value="100" description="" />
   <keyValuePair key="psu__crl_apb__can1_ref_ctrl__srcsel" value="IOPLL" description="" />
   <keyValuePair key="psu__crl_apb__cpu_r5_ctrl__act_freqmhz" value="499.999995" description="" />
   <keyValuePair key="psu__crl_apb__cpu_r5_ctrl__divisor0" value="3" description="" />
   <keyValuePair key="psu__crl_apb__cpu_r5_ctrl__freqmhz" value="500" description="" />
   <keyValuePair key="psu__crl_apb__cpu_r5_ctrl__srcsel" value="IOPLL" description="" />
   <keyValuePair key="psu__crl_apb__csu_pll_ctrl__act_freqmhz" value="500" description="" />
   <keyValuePair key="psu__crl_apb__csu_pll_ctrl__divisor0" value="4" description="" />
   <keyValuePair key="psu__crl_apb__csu_pll_ctrl__freqmhz" value="400" description="" />
   <keyValuePair key="psu__crl_apb__csu_pll_ctrl__srcsel" value="IOPLL" description="" />
   <keyValuePair key="psu__crl_apb__dbg_lpd_ctrl__act_freqmhz" value="249.999998" description="" />
   <keyValuePair key="psu__crl_apb__dbg_lpd_ctrl__divisor0" value="6" description="" />
   <keyValuePair key="psu__crl_apb__dbg_lpd_ctrl__freqmhz" value="250" description="" />
   <keyValuePair key="psu__crl_apb__dbg_lpd_ctrl__srcsel" value="IOPLL" description="" />
   <keyValuePair key="psu__crl_apb__debug_r5_atclk_ctrl__act_freqmhz" value="1000" description="" />
   <keyValuePair key="psu__crl_apb__debug_r5_atclk_ctrl__divisor0" value="6" description="" />
   <keyValuePair key="psu__crl_apb__debug_r5_atclk_ctrl__freqmhz" value="1000" description="" />
   <keyValuePair key="psu__crl_apb__debug_r5_atclk_ctrl__srcsel" value="RPLL" description="" />
   <keyValuePair key="psu__crl_apb__dll_ref_ctrl__act_freqmhz" value="1499.999985" description="" />
   <keyValuePair key="psu__crl_apb__dll_ref_ctrl__freqmhz" value="1500" description="" />
   <keyValuePair key="psu__crl_apb__dll_ref_ctrl__srcsel" value="IOPLL" description="" />
   <keyValuePair key="psu__crl_apb__gem0_ref_ctrl__act_freqmhz" value="125" description="" />
   <keyValuePair key="psu__crl_apb__gem0_ref_ctrl__divisor0" value="12" description="" />
   <keyValuePair key="psu__crl_apb__gem0_ref_ctrl__divisor1" value="1" description="" />
   <keyValuePair key="psu__crl_apb__gem0_ref_ctrl__freqmhz" value="125" description="" />
   <keyValuePair key="psu__crl_apb__gem0_ref_ctrl__srcsel" value="IOPLL" description="" />
   <keyValuePair key="psu__crl_apb__gem1_ref_ctrl__act_freqmhz" value="125" description="" />
   <keyValuePair key="psu__crl_apb__gem1_ref_ctrl__divisor0" value="12" description="" />
   <keyValuePair key="psu__crl_apb__gem1_ref_ctrl__divisor1" value="1" description="" />
   <keyValuePair key="psu__crl_apb__gem1_ref_ctrl__freqmhz" value="125" description="" />
   <keyValuePair key="psu__crl_apb__gem1_ref_ctrl__srcsel" value="IOPLL" description="" />
   <keyValuePair key="psu__crl_apb__gem2_ref_ctrl__act_freqmhz" value="125" description="" />
   <keyValuePair key="psu__crl_apb__gem2_ref_ctrl__divisor0" value="12" description="" />
   <keyValuePair key="psu__crl_apb__gem2_ref_ctrl__divisor1" value="1" description="" />
   <keyValuePair key="psu__crl_apb__gem2_ref_ctrl__freqmhz" value="125" description="" />
   <keyValuePair key="psu__crl_apb__gem2_ref_ctrl__srcsel" value="IOPLL" description="" />
   <keyValuePair key="psu__crl_apb__gem3_ref_ctrl__act_freqmhz" value="125" description="" />
   <keyValuePair key="psu__crl_apb__gem3_ref_ctrl__divisor0" value="12" description="" />
   <keyValuePair key="psu__crl_apb__gem3_ref_ctrl__divisor1" value="1" description="" />
   <keyValuePair key="psu__crl_apb__gem3_ref_ctrl__freqmhz" value="125" description="" />
   <keyValuePair key="psu__crl_apb__gem3_ref_ctrl__srcsel" value="IOPLL" description="" />
   <keyValuePair key="psu__crl_apb__gem_tsu_ref_ctrl__act_freqmhz" value="250" description="" />
   <keyValuePair key="psu__crl_apb__gem_tsu_ref_ctrl__divisor0" value="6" description="" />
   <keyValuePair key="psu__crl_apb__gem_tsu_ref_ctrl__divisor1" value="1" description="" />
   <keyValuePair key="psu__crl_apb__gem_tsu_ref_ctrl__freqmhz" value="250" description="" />
   <keyValuePair key="psu__crl_apb__gem_tsu_ref_ctrl__srcsel" value="IOPLL" description="" />
   <keyValuePair key="psu__crl_apb__i2c0_ref_ctrl__act_freqmhz" value="100" description="" />
   <keyValuePair key="psu__crl_apb__i2c0_ref_ctrl__divisor0" value="15" description="" />
   <keyValuePair key="psu__crl_apb__i2c0_ref_ctrl__divisor1" value="1" description="" />
   <keyValuePair key="psu__crl_apb__i2c0_ref_ctrl__freqmhz" value="100" description="" />
   <keyValuePair key="psu__crl_apb__i2c0_ref_ctrl__srcsel" value="IOPLL" description="" />
   <keyValuePair key="psu__crl_apb__i2c1_ref_ctrl__act_freqmhz" value="99.999999" description="" />
   <keyValuePair key="psu__crl_apb__i2c1_ref_ctrl__divisor0" value="15" description="" />
   <keyValuePair key="psu__crl_apb__i2c1_ref_ctrl__divisor1" value="1" description="" />
   <keyValuePair key="psu__crl_apb__i2c1_ref_ctrl__freqmhz" value="100" description="" />
   <keyValuePair key="psu__crl_apb__i2c1_ref_ctrl__srcsel" value="IOPLL" description="" />
   <keyValuePair key="psu__crl_apb__iopll_ctrl__div2" value="0" description="" />
   <keyValuePair key="psu__crl_apb__iopll_ctrl__fbdiv" value="45" description="" />
   <keyValuePair key="psu__crl_apb__iopll_ctrl__srcsel" value="PSS_REF_CLK" description="" />
   <keyValuePair key="psu__crl_apb__iopll_frac_cfg__enabled" value="0" description="" />
   <keyValuePair key="psu__crl_apb__iopll_to_fpd_ctrl__divisor0" value="3" description="" />
   <keyValuePair key="psu__crl_apb__iou_switch_ctrl__act_freqmhz" value="249.999998" description="" />
   <keyValuePair key="psu__crl_apb__iou_switch_ctrl__divisor0" value="6" description="" />
   <keyValuePair key="psu__crl_apb__iou_switch_ctrl__freqmhz" value="267" description="" />
   <keyValuePair key="psu__crl_apb__iou_switch_ctrl__srcsel" value="IOPLL" description="" />
   <keyValuePair key="psu__crl_apb__lpd_lsbus_ctrl__act_freqmhz" value="99.999999" description="" />
   <keyValuePair key="psu__crl_apb__lpd_lsbus_ctrl__divisor0" value="15" description="" />
   <keyValuePair key="psu__crl_apb__lpd_lsbus_ctrl__freqmhz" value="100" description="" />
   <keyValuePair key="psu__crl_apb__lpd_lsbus_ctrl__srcsel" value="IOPLL" description="" />
   <keyValuePair key="psu__crl_apb__lpd_switch_ctrl__act_freqmhz" value="499.999995" description="" />
   <keyValuePair key="psu__crl_apb__lpd_switch_ctrl__divisor0" value="3" description="" />
   <keyValuePair key="psu__crl_apb__lpd_switch_ctrl__freqmhz" value="500" description="" />
   <keyValuePair key="psu__crl_apb__lpd_switch_ctrl__srcsel" value="IOPLL" description="" />
   <keyValuePair key="psu__crl_apb__nand_ref_ctrl__act_freqmhz" value="100" description="" />
   <keyValuePair key="psu__crl_apb__nand_ref_ctrl__divisor0" value="15" description="" />
   <keyValuePair key="psu__crl_apb__nand_ref_ctrl__divisor1" value="1" description="" />
   <keyValuePair key="psu__crl_apb__nand_ref_ctrl__freqmhz" value="100" description="" />
   <keyValuePair key="psu__crl_apb__nand_ref_ctrl__srcsel" value="IOPLL" description="" />
   <keyValuePair key="psu__crl_apb__ocm_main_ctrl__act_freqmhz" value="500" description="" />
   <keyValuePair key="psu__crl_apb__ocm_main_ctrl__divisor0" value="3" description="" />
   <keyValuePair key="psu__crl_apb__ocm_main_ctrl__freqmhz" value="500" description="" />
   <keyValuePair key="psu__crl_apb__ocm_main_ctrl__srcsel" value="IOPLL" description="" />
   <keyValuePair key="psu__crl_apb__pcap_ctrl__act_freqmhz" value="187.499998" description="" />
   <keyValuePair key="psu__crl_apb__pcap_ctrl__divisor0" value="8" description="" />
   <keyValuePair key="psu__crl_apb__pcap_ctrl__freqmhz" value="200" description="" />
   <keyValuePair key="psu__crl_apb__pcap_ctrl__srcsel" value="IOPLL" description="" />
   <keyValuePair key="psu__crl_apb__pl0_ref_ctrl__act_freqmhz" value="99.999999" description="" />
   <keyValuePair key="psu__crl_apb__pl0_ref_ctrl__divisor0" value="15" description="" />
   <keyValuePair key="psu__crl_apb__pl0_ref_ctrl__divisor1" value="1" description="" />
   <keyValuePair key="psu__crl_apb__pl0_ref_ctrl__freqmhz" value="100" description="" />
   <keyValuePair key="psu__crl_apb__pl0_ref_ctrl__srcsel" value="IOPLL" description="" />
   <keyValuePair key="psu__crl_apb__pl1_ref_ctrl__act_freqmhz" value="24.999975" description="" />
   <keyValuePair key="psu__crl_apb__pl1_ref_ctrl__divisor0" value="15" description="" />
   <keyValuePair key="psu__crl_apb__pl1_ref_ctrl__divisor1" value="4" description="" />
   <keyValuePair key="psu__crl_apb__pl1_ref_ctrl__freqmhz" value="100" description="" />
   <keyValuePair key="psu__crl_apb__pl1_ref_ctrl__srcsel" value="RPLL" description="" />
   <keyValuePair key="psu__crl_apb__pl2_ref_ctrl__act_freqmhz" value="299.999700" description="" />
   <keyValuePair key="psu__crl_apb__pl2_ref_ctrl__divisor0" value="5" description="" />
   <keyValuePair key="psu__crl_apb__pl2_ref_ctrl__divisor1" value="1" description="" />
   <keyValuePair key="psu__crl_apb__pl2_ref_ctrl__freqmhz" value="100" description="" />
   <keyValuePair key="psu__crl_apb__pl2_ref_ctrl__srcsel" value="RPLL" description="" />
   <keyValuePair key="psu__crl_apb__pl3_ref_ctrl__act_freqmhz" value="374.999625" description="" />
   <keyValuePair key="psu__crl_apb__pl3_ref_ctrl__divisor0" value="4" description="" />
   <keyValuePair key="psu__crl_apb__pl3_ref_ctrl__divisor1" value="1" description="" />
   <keyValuePair key="psu__crl_apb__pl3_ref_ctrl__freqmhz" value="100" description="" />
   <keyValuePair key="psu__crl_apb__pl3_ref_ctrl__srcsel" value="RPLL" description="" />
   <keyValuePair key="psu__crl_apb__qspi_ref_ctrl__act_freqmhz" value="300" description="" />
   <keyValuePair key="psu__crl_apb__qspi_ref_ctrl__divisor0" value="12" description="" />
   <keyValuePair key="psu__crl_apb__qspi_ref_ctrl__divisor1" value="1" description="" />
   <keyValuePair key="psu__crl_apb__qspi_ref_ctrl__freqmhz" value="300" description="" />
   <keyValuePair key="psu__crl_apb__qspi_ref_ctrl__srcsel" value="IOPLL" description="" />
   <keyValuePair key="psu__crl_apb__rpll_ctrl__div2" value="1" description="" />
   <keyValuePair key="psu__crl_apb__rpll_ctrl__fbdiv" value="70" description="" />
   <keyValuePair key="psu__crl_apb__rpll_ctrl__srcsel" value="PSS_REF_CLK" description="" />
   <keyValuePair key="psu__crl_apb__rpll_frac_cfg__enabled" value="1" description="" />
   <keyValuePair key="psu__crl_apb__rpll_to_fpd_ctrl__divisor0" value="3" description="" />
   <keyValuePair key="psu__crl_apb__sdio0_ref_ctrl__act_freqmhz" value="187.499998" description="" />
   <keyValuePair key="psu__crl_apb__sdio0_ref_ctrl__divisor0" value="8" description="" />
   <keyValuePair key="psu__crl_apb__sdio0_ref_ctrl__divisor1" value="1" description="" />
   <keyValuePair key="psu__crl_apb__sdio0_ref_ctrl__freqmhz" value="200" description="" />
   <keyValuePair key="psu__crl_apb__sdio0_ref_ctrl__srcsel" value="IOPLL" description="" />
   <keyValuePair key="psu__crl_apb__sdio1_ref_ctrl__act_freqmhz" value="187.499998" description="" />
   <keyValuePair key="psu__crl_apb__sdio1_ref_ctrl__divisor0" value="8" description="" />
   <keyValuePair key="psu__crl_apb__sdio1_ref_ctrl__divisor1" value="1" description="" />
   <keyValuePair key="psu__crl_apb__sdio1_ref_ctrl__freqmhz" value="200" description="" />
   <keyValuePair key="psu__crl_apb__sdio1_ref_ctrl__srcsel" value="IOPLL" description="" />
   <keyValuePair key="psu__crl_apb__spi0_ref_ctrl__act_freqmhz" value="187.499998" description="" />
   <keyValuePair key="psu__crl_apb__spi0_ref_ctrl__divisor0" value="8" description="" />
   <keyValuePair key="psu__crl_apb__spi0_ref_ctrl__divisor1" value="1" description="" />
   <keyValuePair key="psu__crl_apb__spi0_ref_ctrl__freqmhz" value="200" description="" />
   <keyValuePair key="psu__crl_apb__spi0_ref_ctrl__srcsel" value="IOPLL" description="" />
   <keyValuePair key="psu__crl_apb__spi1_ref_ctrl__act_freqmhz" value="187.499998" description="" />
   <keyValuePair key="psu__crl_apb__spi1_ref_ctrl__divisor0" value="8" description="" />
   <keyValuePair key="psu__crl_apb__spi1_ref_ctrl__divisor1" value="1" description="" />
   <keyValuePair key="psu__crl_apb__spi1_ref_ctrl__freqmhz" value="200" description="" />
   <keyValuePair key="psu__crl_apb__spi1_ref_ctrl__srcsel" value="IOPLL" description="" />
   <keyValuePair key="psu__crl_apb__timestamp_ref_ctrl__act_freqmhz" value="99.999999" description="" />
   <keyValuePair key="psu__crl_apb__timestamp_ref_ctrl__divisor0" value="15" description="" />
   <keyValuePair key="psu__crl_apb__timestamp_ref_ctrl__freqmhz" value="100" description="" />
   <keyValuePair key="psu__crl_apb__timestamp_ref_ctrl__srcsel" value="IOPLL" description="" />
   <keyValuePair key="psu__crl_apb__uart0_ref_ctrl__act_freqmhz" value="99.999999" description="" />
   <keyValuePair key="psu__crl_apb__uart0_ref_ctrl__divisor0" value="15" description="" />
   <keyValuePair key="psu__crl_apb__uart0_ref_ctrl__divisor1" value="1" description="" />
   <keyValuePair key="psu__crl_apb__uart0_ref_ctrl__freqmhz" value="100" description="" />
   <keyValuePair key="psu__crl_apb__uart0_ref_ctrl__srcsel" value="IOPLL" description="" />
   <keyValuePair key="psu__crl_apb__uart1_ref_ctrl__act_freqmhz" value="99.999999" description="" />
   <keyValuePair key="psu__crl_apb__uart1_ref_ctrl__divisor0" value="15" description="" />
   <keyValuePair key="psu__crl_apb__uart1_ref_ctrl__divisor1" value="1" description="" />
   <keyValuePair key="psu__crl_apb__uart1_ref_ctrl__freqmhz" value="100" description="" />
   <keyValuePair key="psu__crl_apb__uart1_ref_ctrl__srcsel" value="IOPLL" description="" />
   <keyValuePair key="psu__crl_apb__usb0_bus_ref_ctrl__act_freqmhz" value="249.999998" description="" />
   <keyValuePair key="psu__crl_apb__usb0_bus_ref_ctrl__divisor0" value="6" description="" />
   <keyValuePair key="psu__crl_apb__usb0_bus_ref_ctrl__divisor1" value="1" description="" />
   <keyValuePair key="psu__crl_apb__usb0_bus_ref_ctrl__freqmhz" value="250" description="" />
   <keyValuePair key="psu__crl_apb__usb0_bus_ref_ctrl__srcsel" value="IOPLL" description="" />
   <keyValuePair key="psu__crl_apb__usb1_bus_ref_ctrl__act_freqmhz" value="249.999998" description="" />
   <keyValuePair key="psu__crl_apb__usb1_bus_ref_ctrl__divisor0" value="6" description="" />
   <keyValuePair key="psu__crl_apb__usb1_bus_ref_ctrl__divisor1" value="1" description="" />
   <keyValuePair key="psu__crl_apb__usb1_bus_ref_ctrl__freqmhz" value="250" description="" />
   <keyValuePair key="psu__crl_apb__usb1_bus_ref_ctrl__srcsel" value="IOPLL" description="" />
   <keyValuePair key="psu__crl_apb__usb3__enable" value="1" description="" />
   <keyValuePair key="psu__crl_apb__usb3_dual_ref_ctrl__act_freqmhz" value="20.000000" description="" />
   <keyValuePair key="psu__crl_apb__usb3_dual_ref_ctrl__divisor0" value="5" description="" />
   <keyValuePair key="psu__crl_apb__usb3_dual_ref_ctrl__divisor1" value="15" description="" />
   <keyValuePair key="psu__crl_apb__usb3_dual_ref_ctrl__freqmhz" value="20" description="" />
   <keyValuePair key="psu__crl_apb__usb3_dual_ref_ctrl__srcsel" value="IOPLL" description="" />
   <keyValuePair key="psu__csu__csu_tamper_0__enable" value="0" description="" />
   <keyValuePair key="psu__csu__csu_tamper_0__erase_bbram" value="0" description="" />
   <keyValuePair key="psu__csu__csu_tamper_10__enable" value="0" description="" />
   <keyValuePair key="psu__csu__csu_tamper_10__erase_bbram" value="0" description="" />
   <keyValuePair key="psu__csu__csu_tamper_11__enable" value="0" description="" />
   <keyValuePair key="psu__csu__csu_tamper_11__erase_bbram" value="0" description="" />
   <keyValuePair key="psu__csu__csu_tamper_12__enable" value="0" description="" />
   <keyValuePair key="psu__csu__csu_tamper_12__erase_bbram" value="0" description="" />
   <keyValuePair key="psu__csu__csu_tamper_1__enable" value="0" description="" />
   <keyValuePair key="psu__csu__csu_tamper_1__erase_bbram" value="0" description="" />
   <keyValuePair key="psu__csu__csu_tamper_2__enable" value="0" description="" />
   <keyValuePair key="psu__csu__csu_tamper_2__erase_bbram" value="0" description="" />
   <keyValuePair key="psu__csu__csu_tamper_3__enable" value="0" description="" />
   <keyValuePair key="psu__csu__csu_tamper_3__erase_bbram" value="0" description="" />
   <keyValuePair key="psu__csu__csu_tamper_4__enable" value="0" description="" />
   <keyValuePair key="psu__csu__csu_tamper_4__erase_bbram" value="0" description="" />
   <keyValuePair key="psu__csu__csu_tamper_5__enable" value="0" description="" />
   <keyValuePair key="psu__csu__csu_tamper_5__erase_bbram" value="0" description="" />
   <keyValuePair key="psu__csu__csu_tamper_6__enable" value="0" description="" />
   <keyValuePair key="psu__csu__csu_tamper_6__erase_bbram" value="0" description="" />
   <keyValuePair key="psu__csu__csu_tamper_7__enable" value="0" description="" />
   <keyValuePair key="psu__csu__csu_tamper_7__erase_bbram" value="0" description="" />
   <keyValuePair key="psu__csu__csu_tamper_8__enable" value="0" description="" />
   <keyValuePair key="psu__csu__csu_tamper_8__erase_bbram" value="0" description="" />
   <keyValuePair key="psu__csu__csu_tamper_9__enable" value="0" description="" />
   <keyValuePair key="psu__csu__csu_tamper_9__erase_bbram" value="0" description="" />
   <keyValuePair key="psu__csu__peripheral__enable" value="0" description="" />
   <keyValuePair key="psu__ddr_qos_enable" value="1" description="" />
   <keyValuePair key="psu__ddr_qos_hp0_rdqos" value="7" description="" />
   <keyValuePair key="psu__ddr_qos_hp0_wrqos" value="15" description="" />
   <keyValuePair key="psu__ddr_qos_hp1_rdqos" value="3" description="" />
   <keyValuePair key="psu__ddr_qos_hp1_wrqos" value="3" description="" />
   <keyValuePair key="psu__ddr_qos_hp2_rdqos" value="3" description="" />
   <keyValuePair key="psu__ddr_qos_hp2_wrqos" value="3" description="" />
   <keyValuePair key="psu__ddr_qos_hp3_rdqos" value="3" description="" />
   <keyValuePair key="psu__ddr_qos_hp3_wrqos" value="3" description="" />
   <keyValuePair key="psu__ddr_qos_port0_type" value="Low Latency" description="" />
   <keyValuePair key="psu__ddr_qos_port1_vn1_type" value="Low Latency" description="" />
   <keyValuePair key="psu__ddr_qos_port1_vn2_type" value="Best Effort" description="" />
   <keyValuePair key="psu__ddr_qos_port2_vn1_type" value="Low Latency" description="" />
   <keyValuePair key="psu__ddr_qos_port2_vn2_type" value="Best Effort" description="" />
   <keyValuePair key="psu__ddr_qos_port3_type" value="Video Traffic" description="" />
   <keyValuePair key="psu__ddr_qos_port4_type" value="Best Effort" description="" />
   <keyValuePair key="psu__ddr_qos_port5_type" value="Best Effort" description="" />
   <keyValuePair key="psu__ddr_qos_rd_hpr_thrshld" value="0" description="" />
   <keyValuePair key="psu__ddr_qos_rd_lpr_thrshld" value="16" description="" />
   <keyValuePair key="psu__ddr_qos_wr_thrshld" value="16" description="" />
   <keyValuePair key="psu__ddrc__al" value="0" description="" />
   <keyValuePair key="psu__ddrc__bank_addr_count" value="3" description="" />
   <keyValuePair key="psu__ddrc__bus_width" value="32 Bit" description="" />
   <keyValuePair key="psu__ddrc__clock_stop_en" value="0" description="" />
   <keyValuePair key="psu__ddrc__col_addr_count" value="10" description="" />
   <keyValuePair key="psu__ddrc__device_capacity" value="8192 MBits" description="" />
   <keyValuePair key="psu__ddrc__dram_width" value="32 Bits" description="" />
   <keyValuePair key="psu__ddrc__ecc" value="Disabled" description="" />
   <keyValuePair key="psu__ddrc__enable" value="1" description="" />
   <keyValuePair key="psu__ddrc__freq_mhz" value="1" description="" />
   <keyValuePair key="psu__ddrc__memory_type" value="LPDDR 4" description="" />
   <keyValuePair key="psu__ddrc__row_addr_count" value="15" description="" />
   <keyValuePair key="psu__ddrc__speed_bin" value="LPDDR4_1066" description="" />
   <keyValuePair key="psu__ddrc__t_faw" value="40.0" description="" />
   <keyValuePair key="psu__ddrc__t_ras_min" value="42" description="" />
   <keyValuePair key="psu__ddrc__t_rc" value="63" description="" />
   <keyValuePair key="psu__ddrc__t_rcd" value="10" description="" />
   <keyValuePair key="psu__ddrc__t_rp" value="12" description="" />
   <keyValuePair key="psu__ddrc__train_data_eye" value="1" description="" />
   <keyValuePair key="psu__ddrc__train_read_gate" value="1" description="" />
   <keyValuePair key="psu__ddrc__train_write_level" value="1" description="" />
   <keyValuePair key="psu__displayport__peripheral__enable" value="1" description="" />
   <keyValuePair key="psu__dpaux__peripheral__enable" value="1" description="" />
   <keyValuePair key="psu__dpaux__peripheral__io" value="MIO 27 .. 30" description="" />
   <keyValuePair key="psu__enet0__grp_mdio__enable" value="0" description="" />
   <keyValuePair key="psu__enet0__peripheral__enable" value="0" description="" />
   <keyValuePair key="psu__enet1__grp_mdio__enable" value="0" description="" />
   <keyValuePair key="psu__enet1__peripheral__enable" value="0" description="" />
   <keyValuePair key="psu__enet2__grp_mdio__enable" value="0" description="" />
   <keyValuePair key="psu__enet2__peripheral__enable" value="0" description="" />
   <keyValuePair key="psu__enet3__grp_mdio__enable" value="0" description="" />
   <keyValuePair key="psu__enet3__peripheral__enable" value="0" description="" />
   <keyValuePair key="psu__ep__ip" value="0" description="" />
   <keyValuePair key="psu__fp__power__on" value="1" description="" />
   <keyValuePair key="psu__fpd_slcr__wdt_clk_sel__select" value="APB" description="" />
   <keyValuePair key="psu__fpga_pl0_enable" value="1" description="" />
   <keyValuePair key="psu__fpga_pl1_enable" value="0" description="" />
   <keyValuePair key="psu__fpga_pl2_enable" value="0" description="" />
   <keyValuePair key="psu__fpga_pl3_enable" value="0" description="" />
   <keyValuePair key="psu__gem__tsu__enable" value="0" description="" />
   <keyValuePair key="psu__gen_ipi_0__master" value="APU" description="" />
   <keyValuePair key="psu__gen_ipi_10__master" value="NONE" description="" />
   <keyValuePair key="psu__gen_ipi_1__master" value="RPU0" description="" />
   <keyValuePair key="psu__gen_ipi_2__master" value="RPU1" description="" />
   <keyValuePair key="psu__gen_ipi_3__master" value="PMU" description="" />
   <keyValuePair key="psu__gen_ipi_4__master" value="PMU" description="" />
   <keyValuePair key="psu__gen_ipi_5__master" value="PMU" description="" />
   <keyValuePair key="psu__gen_ipi_6__master" value="PMU" description="" />
   <keyValuePair key="psu__gen_ipi_7__master" value="NONE" description="" />
   <keyValuePair key="psu__gen_ipi_8__master" value="NONE" description="" />
   <keyValuePair key="psu__gen_ipi_9__master" value="NONE" description="" />
   <keyValuePair key="psu__gpio0_mio__io" value="MIO 0 .. 25" description="" />
   <keyValuePair key="psu__gpio0_mio__peripheral__enable" value="1" description="" />
   <keyValuePair key="psu__gpio1_mio__io" value="MIO 26 .. 51" description="" />
   <keyValuePair key="psu__gpio1_mio__peripheral__enable" value="1" description="" />
   <keyValuePair key="psu__gpio2_mio__io" value="MIO 52 .. 77" description="" />
   <keyValuePair key="psu__gpio2_mio__peripheral__enable" value="1" description="" />
   <keyValuePair key="psu__gpio_emio__peripheral__enable" value="0" description="" />
   <keyValuePair key="psu__gpu_pp0__power__on" value="1" description="" />
   <keyValuePair key="psu__gpu_pp1__power__on" value="1" description="" />
   <keyValuePair key="psu__i2c0__grp_int__enable" value="0" description="" />
   <keyValuePair key="psu__i2c0__peripheral__enable" value="0" description="" />
   <keyValuePair key="psu__i2c0_loop_i2c1__enable" value="0" description="" />
   <keyValuePair key="psu__i2c1__grp_int__enable" value="0" description="" />
   <keyValuePair key="psu__i2c1__peripheral__enable" value="1" description="" />
   <keyValuePair key="psu__i2c1__peripheral__io" value="MIO 4 .. 5" description="" />
   <keyValuePair key="psu__iou_slcr__iou_ttc_apb_clk__ttc0_sel" value="APB" description="" />
   <keyValuePair key="psu__iou_slcr__iou_ttc_apb_clk__ttc1_sel" value="APB" description="" />
   <keyValuePair key="psu__iou_slcr__iou_ttc_apb_clk__ttc2_sel" value="APB" description="" />
   <keyValuePair key="psu__iou_slcr__iou_ttc_apb_clk__ttc3_sel" value="APB" description="" />
   <keyValuePair key="psu__iou_slcr__wdt_clk_sel__select" value="APB" description="" />
   <keyValuePair key="psu__l2_bank0__power__on" value="1" description="" />
   <keyValuePair key="psu__nand__chip_enable__enable" value="0" description="" />
   <keyValuePair key="psu__nand__data_strobe__enable" value="0" description="" />
   <keyValuePair key="psu__nand__peripheral__enable" value="0" description="" />
   <keyValuePair key="psu__nand__ready_busy__enable" value="0" description="" />
   <keyValuePair key="psu__ocm_bank0__power__on" value="1" description="" />
   <keyValuePair key="psu__ocm_bank1__power__on" value="1" description="" />
   <keyValuePair key="psu__ocm_bank2__power__on" value="1" description="" />
   <keyValuePair key="psu__ocm_bank3__power__on" value="1" description="" />
   <keyValuePair key="psu__override__basic_clock" value="1" description="" />
   <keyValuePair key="psu__pcie__peripheral__enable" value="0" description="" />
   <keyValuePair key="psu__pjtag__peripheral__enable" value="0" description="" />
   <keyValuePair key="psu__pl__power__on" value="1" description="" />
   <keyValuePair key="psu__pmu__emio_gpi__enable" value="0" description="" />
   <keyValuePair key="psu__pmu__emio_gpo__enable" value="0" description="" />
   <keyValuePair key="psu__pmu__gpi0__enable" value="1" description="" />
   <keyValuePair key="psu__pmu__gpi0__io" value="MIO 26" description="" />
   <keyValuePair key="psu__pmu__gpi1__enable" value="0" description="" />
   <keyValuePair key="psu__pmu__gpi2__enable" value="0" description="" />
   <keyValuePair key="psu__pmu__gpi3__enable" value="0" description="" />
   <keyValuePair key="psu__pmu__gpi4__enable" value="0" description="" />
   <keyValuePair key="psu__pmu__gpi5__enable" value="0" description="" />
   <keyValuePair key="psu__pmu__gpo0__enable" value="1" description="" />
   <keyValuePair key="psu__pmu__gpo0__io" value="MIO 32" description="" />
   <keyValuePair key="psu__pmu__gpo1__enable" value="1" description="" />
   <keyValuePair key="psu__pmu__gpo1__io" value="MIO 33" description="" />
   <keyValuePair key="psu__pmu__gpo2__enable" value="1" description="" />
   <keyValuePair key="psu__pmu__gpo2__io" value="MIO 34" description="" />
   <keyValuePair key="psu__pmu__gpo3__enable" value="0" description="" />
   <keyValuePair key="psu__pmu__gpo4__enable" value="0" description="" />
   <keyValuePair key="psu__pmu__gpo5__enable" value="0" description="" />
   <keyValuePair key="psu__pmu__peripheral__enable" value="1" description="" />
   <keyValuePair key="psu__protection__ddr_segments" value="NONE" description="" />
   <keyValuePair key="psu__protection__debug" value="0" description="" />
   <keyValuePair key="psu__protection__fpd_segments" value="SA:0xFD1A0000 ;SIZE:1280;UNIT:KB ;RegionTZ:Secure ;WrAllowed:Read/Write;subsystemId:PMU Firmware|SA:0xFD000000 ;SIZE:64;UNIT:KB ;RegionTZ:Secure ;WrAllowed:Read/Write;subsystemId:PMU Firmware|SA:0xFD010000 ;SIZE:64;UNIT:KB ;RegionTZ:Secure ;WrAllowed:Read/Write;subsystemId:PMU Firmware|SA:0xFD020000 ;SIZE:64;UNIT:KB ;RegionTZ:Secure ;WrAllowed:Read/Write;subsystemId:PMU Firmware|SA:0xFD030000 ;SIZE:64;UNIT:KB ;RegionTZ:Secure ;WrAllowed:Read/Write;subsystemId:PMU Firmware|SA:0xFD040000 ;SIZE:64;UNIT:KB ;RegionTZ:Secure ;WrAllowed:Read/Write;subsystemId:PMU Firmware|SA:0xFD050000 ;SIZE:64;UNIT:KB ;RegionTZ:Secure ;WrAllowed:Read/Write;subsystemId:PMU Firmware|SA:0xFD610000 ;SIZE:512;UNIT:KB ;RegionTZ:Secure ;WrAllowed:Read/Write;subsystemId:PMU Firmware|SA:0xFD5D0000 ;SIZE:64;UNIT:KB ;RegionTZ:Secure ;WrAllowed:Read/Write;subsystemId:PMU Firmware" description="" />
   <keyValuePair key="psu__protection__lpd_segments" value="SA:0xFF980000 ;SIZE:64;UNIT:KB ;RegionTZ:Secure ;WrAllowed:Read/Write;subsystemId:PMU Firmware|SA:0xFF5E0000 ;SIZE:2560;UNIT:KB ;RegionTZ:Secure ;WrAllowed:Read/Write;subsystemId:PMU Firmware|SA:0xFFCC0000 ;SIZE:64;UNIT:KB ;RegionTZ:Secure ;WrAllowed:Read/Write;subsystemId:PMU Firmware|SA:0xFF180000 ;SIZE:768;UNIT:KB ;RegionTZ:Secure ;WrAllowed:Read/Write;subsystemId:PMU Firmware|SA:0xFF410000 ;SIZE:640;UNIT:KB ;RegionTZ:Secure ;WrAllowed:Read/Write;subsystemId:PMU Firmware|SA:0xFFA70000 ;SIZE:64;UNIT:KB ;RegionTZ:Secure ;WrAllowed:Read/Write;subsystemId:PMU Firmware|SA:0xFF9A0000 ;SIZE:64;UNIT:KB ;RegionTZ:Secure ;WrAllowed:Read/Write;subsystemId:PMU Firmware" description="" />
   <keyValuePair key="psu__protection__ocm_segments" value="NONE" description="" />
   <keyValuePair key="psu__protection__presubsystems" value="NONE" description="" />
   <keyValuePair key="psu__protection__subsystems" value="PMU Firmware:PMU" description="" />
   <keyValuePair key="psu__qspi__grp_fbclk__enable" value="0" description="" />
   <keyValuePair key="psu__qspi__peripheral__enable" value="0" description="" />
   <keyValuePair key="psu__rpu__power__on" value="1" description="" />
   <keyValuePair key="psu__sata__lane0__enable" value="0" description="" />
   <keyValuePair key="psu__sata__lane1__enable" value="0" description="" />
   <keyValuePair key="psu__sata__peripheral__enable" value="0" description="" />
   <keyValuePair key="psu__sd0__grp_cd__enable" value="1" description="" />
   <keyValuePair key="psu__sd0__grp_cd__io" value="MIO 24" description="" />
   <keyValuePair key="psu__sd0__grp_pow__enable" value="0" description="" />
   <keyValuePair key="psu__sd0__grp_wp__enable" value="0" description="" />
   <keyValuePair key="psu__sd0__peripheral__enable" value="1" description="" />
   <keyValuePair key="psu__sd0__peripheral__io" value="MIO 13 .. 16 21 22" description="" />
   <keyValuePair key="psu__sd0__slot_type" value="SD 2.0" description="" />
   <keyValuePair key="psu__sd1__grp_cd__enable" value="0" description="" />
   <keyValuePair key="psu__sd1__grp_pow__enable" value="0" description="" />
   <keyValuePair key="psu__sd1__grp_wp__enable" value="0" description="" />
   <keyValuePair key="psu__sd1__peripheral__enable" value="1" description="" />
   <keyValuePair key="psu__sd1__peripheral__io" value="MIO 46 .. 51" description="" />
   <keyValuePair key="psu__sd1__slot_type" value="SD 2.0" description="" />
   <keyValuePair key="psu__spi0__grp_ss0__enable" value="1" description="" />
   <keyValuePair key="psu__spi0__grp_ss0__io" value="MIO 41" description="" />
   <keyValuePair key="psu__spi0__grp_ss1__enable" value="0" description="" />
   <keyValuePair key="psu__spi0__grp_ss2__enable" value="0" description="" />
   <keyValuePair key="psu__spi0__peripheral__enable" value="1" description="" />
   <keyValuePair key="psu__spi0__peripheral__io" value="MIO 38 .. 43" description="" />
   <keyValuePair key="psu__spi0_loop_spi1__enable" value="0" description="" />
   <keyValuePair key="psu__spi1__grp_ss0__enable" value="1" description="" />
   <keyValuePair key="psu__spi1__grp_ss0__io" value="MIO 9" description="" />
   <keyValuePair key="psu__spi1__grp_ss1__enable" value="0" description="" />
   <keyValuePair key="psu__spi1__grp_ss2__enable" value="0" description="" />
   <keyValuePair key="psu__spi1__peripheral__enable" value="1" description="" />
   <keyValuePair key="psu__spi1__peripheral__io" value="MIO 6 .. 11" description="" />
   <keyValuePair key="psu__swdt0__peripheral__enable" value="1" description="" />
   <keyValuePair key="psu__swdt1__peripheral__enable" value="1" description="" />
   <keyValuePair key="psu__tcm0a__power__on" value="1" description="" />
   <keyValuePair key="psu__tcm0b__power__on" value="1" description="" />
   <keyValuePair key="psu__tcm1a__power__on" value="1" description="" />
   <keyValuePair key="psu__tcm1b__power__on" value="1" description="" />
   <keyValuePair key="psu__testscan__peripheral__enable" value="0" description="" />
   <keyValuePair key="psu__trace__peripheral__enable" value="0" description="" />
   <keyValuePair key="psu__ttc0__peripheral__enable" value="1" description="" />
   <keyValuePair key="psu__ttc1__peripheral__enable" value="1" description="" />
   <keyValuePair key="psu__ttc2__peripheral__enable" value="1" description="" />
   <keyValuePair key="psu__ttc3__peripheral__enable" value="1" description="" />
   <keyValuePair key="psu__uart0__baud_rate" value="115200" description="" />
   <keyValuePair key="psu__uart0__modem__enable" value="0" description="" />
   <keyValuePair key="psu__uart0__peripheral__enable" value="1" description="" />
   <keyValuePair key="psu__uart0__peripheral__io" value="MIO 2 .. 3" description="" />
   <keyValuePair key="psu__uart0_loop_uart1__enable" value="0" description="" />
   <keyValuePair key="psu__uart1__baud_rate" value="115200" description="" />
   <keyValuePair key="psu__uart1__modem__enable" value="0" description="" />
   <keyValuePair key="psu__uart1__peripheral__enable" value="1" description="" />
   <keyValuePair key="psu__uart1__peripheral__io" value="MIO 0 .. 1" description="" />
   <keyValuePair key="psu__usb0__peripheral__enable" value="1" description="" />
   <keyValuePair key="psu__usb0__peripheral__io" value="MIO 52 .. 63" description="" />
   <keyValuePair key="psu__usb1__peripheral__enable" value="1" description="" />
   <keyValuePair key="psu__usb1__peripheral__io" value="MIO 64 .. 75" description="" />
   <keyValuePair key="x_ipversion" value="3.2" description="" />
  </section>
 </section>
 <section name="report_drc" level="1" order="4" description="">
  <section name="command_line_options" level="2" order="1" description="">
   <keyValuePair key="-append" value="default::[not_specified]" description="" />
   <keyValuePair key="-checks" value="default::[not_specified]" description="" />
   <keyValuePair key="-fail_on" value="default::[not_specified]" description="" />
   <keyValuePair key="-force" value="default::[not_specified]" description="" />
   <keyValuePair key="-format" value="default::[not_specified]" description="" />
   <keyValuePair key="-internal" value="default::[not_specified]" description="" />
   <keyValuePair key="-internal_only" value="default::[not_specified]" description="" />
   <keyValuePair key="-messages" value="default::[not_specified]" description="" />
   <keyValuePair key="-name" value="default::[not_specified]" description="" />
   <keyValuePair key="-no_waivers" value="default::[not_specified]" description="" />
   <keyValuePair key="-return_string" value="default::[not_specified]" description="" />
   <keyValuePair key="-ruledecks" value="default::[not_specified]" description="" />
   <keyValuePair key="-upgrade_cw" value="default::[not_specified]" description="" />
   <keyValuePair key="-waived" value="default::[not_specified]" description="" />
  </section>
 </section>
 <section name="report_methodology" level="1" order="5" description="">
  <section name="command_line_options" level="2" order="1" description="">
   <keyValuePair key="-append" value="default::[not_specified]" description="" />
   <keyValuePair key="-checks" value="default::[not_specified]" description="" />
   <keyValuePair key="-fail_on" value="default::[not_specified]" description="" />
   <keyValuePair key="-force" value="default::[not_specified]" description="" />
   <keyValuePair key="-format" value="default::[not_specified]" description="" />
   <keyValuePair key="-messages" value="default::[not_specified]" description="" />
   <keyValuePair key="-name" value="default::[not_specified]" description="" />
   <keyValuePair key="-return_string" value="default::[not_specified]" description="" />
   <keyValuePair key="-waived" value="default::[not_specified]" description="" />
  </section>
 </section>
 <section name="report_power" level="1" order="6" description="">
  <section name="command_line_options" level="2" order="1" description="">
   <keyValuePair key="-advisory" value="default::[not_specified]" description="" />
   <keyValuePair key="-append" value="default::[not_specified]" description="" />
   <keyValuePair key="-file" value="[specified]" description="" />
   <keyValuePair key="-format" value="default::text" description="" />
   <keyValuePair key="-hier" value="default::power" description="" />
   <keyValuePair key="-l" value="default::[not_specified]" description="" />
   <keyValuePair key="-name" value="default::[not_specified]" description="" />
   <keyValuePair key="-no_propagation" value="default::[not_specified]" description="" />
   <keyValuePair key="-return_string" value="default::[not_specified]" description="" />
   <keyValuePair key="-rpx" value="[specified]" description="" />
   <keyValuePair key="-verbose" value="default::[not_specified]" description="" />
   <keyValuePair key="-vid" value="default::[not_specified]" description="" />
   <keyValuePair key="-xpe" value="default::[not_specified]" description="" />
  </section>
  <section name="usage" level="2" order="2" description="">
   <keyValuePair key="airflow" value="250 (LFM)" description="" />
   <keyValuePair key="ambient_temp" value="25.0 (C)" description="" />
   <keyValuePair key="bi-dir_toggle" value="12.500000" description="" />
   <keyValuePair key="bidir_output_enable" value="1.000000" description="" />
   <keyValuePair key="board_layers" value="12to15 (12 to 15 Layers)" description="" />
   <keyValuePair key="board_selection" value="medium (10&quot;x10&quot;)" description="" />
   <keyValuePair key="clocks" value="0.000976" description="" />
   <keyValuePair key="confidence_level_clock_activity" value="High" description="" />
   <keyValuePair key="confidence_level_design_state" value="High" description="" />
   <keyValuePair key="confidence_level_device_models" value="High" description="" />
   <keyValuePair key="confidence_level_internal_activity" value="High" description="" />
   <keyValuePair key="confidence_level_io_activity" value="High" description="" />
   <keyValuePair key="confidence_level_overall" value="High" description="" />
   <keyValuePair key="customer" value="TBD" description="" />
   <keyValuePair key="customer_class" value="TBD" description="" />
   <keyValuePair key="devstatic" value="0.315434" description="" />
   <keyValuePair key="die" value="xczu3eg-sbva484-1-e" description="" />
   <keyValuePair key="dsp_output_toggle" value="12.500000" description="" />
   <keyValuePair key="dynamic" value="1.754424" description="" />
   <keyValuePair key="effective_thetaja" value="2.7" description="" />
   <keyValuePair key="enable_probability" value="0.990000" description="" />
   <keyValuePair key="family" value="zynquplus" description="" />
   <keyValuePair key="ff_toggle" value="12.500000" description="" />
   <keyValuePair key="flow_state" value="routed" description="" />
   <keyValuePair key="heatsink" value="medium (Medium Profile)" description="" />
   <keyValuePair key="input_toggle" value="12.500000" description="" />
   <keyValuePair key="junction_temp" value="30.7 (C)" description="" />
   <keyValuePair key="logic" value="0.000000" description="" />
   <keyValuePair key="netlist_net_matched" value="NA" description="" />
   <keyValuePair key="off-chip_power" value="0.000000" description="" />
   <keyValuePair key="on-chip_power" value="2.069858" description="" />
   <keyValuePair key="output_enable" value="1.000000" description="" />
   <keyValuePair key="output_load" value="0.000000" description="" />
   <keyValuePair key="output_toggle" value="12.500000" description="" />
   <keyValuePair key="package" value="sbva484" description="" />
   <keyValuePair key="pct_clock_constrained" value="12.000000" description="" />
   <keyValuePair key="pct_inputs_defined" value="0" description="" />
   <keyValuePair key="platform" value="nt64" description="" />
   <keyValuePair key="process" value="typical" description="" />
   <keyValuePair key="ps8" value="1.753448" description="" />
   <keyValuePair key="ram_enable" value="50.000000" description="" />
   <keyValuePair key="ram_write" value="50.000000" description="" />
   <keyValuePair key="read_saif" value="False" description="" />
   <keyValuePair key="set/reset_probability" value="0.000000" description="" />
   <keyValuePair key="signal_rate" value="False" description="" />
   <keyValuePair key="simulation_file" value="None" description="" />
   <keyValuePair key="speedgrade" value="-1" description="" />
   <keyValuePair key="static_prob" value="False" description="" />
   <keyValuePair key="temp_grade" value="extended" description="" />
   <keyValuePair key="thetajb" value="2.5 (C/W)" description="" />
   <keyValuePair key="thetasa" value="8.8 (C/W)" description="" />
   <keyValuePair key="toggle_rate" value="False" description="" />
   <keyValuePair key="user_board_temp" value="25.0 (C)" description="" />
   <keyValuePair key="user_effective_thetaja" value="2.7" description="" />
   <keyValuePair key="user_junc_temp" value="30.7 (C)" description="" />
   <keyValuePair key="user_thetajb" value="2.5 (C/W)" description="" />
   <keyValuePair key="user_thetasa" value="8.8 (C/W)" description="" />
   <keyValuePair key="vcc_psadc_dynamic_current" value="0.000000" description="" />
   <keyValuePair key="vcc_psadc_static_current" value="0.001500" description="" />
   <keyValuePair key="vcc_psadc_total_current" value="0.001500" description="" />
   <keyValuePair key="vcc_psadc_voltage" value="1.800000" description="" />
   <keyValuePair key="vcc_psaux_dynamic_current" value="0.000002" description="" />
   <keyValuePair key="vcc_psaux_static_current" value="0.002200" description="" />
   <keyValuePair key="vcc_psaux_total_current" value="0.002202" description="" />
   <keyValuePair key="vcc_psaux_voltage" value="1.800000" description="" />
   <keyValuePair key="vcc_psbatt_dynamic_current" value="0.000000" description="" />
   <keyValuePair key="vcc_psbatt_static_current" value="0.000000" description="" />
   <keyValuePair key="vcc_psbatt_total_current" value="0.000000" description="" />
   <keyValuePair key="vcc_psbatt_voltage" value="1.200000" description="" />
   <keyValuePair key="vcc_psddr_pll_dynamic_current" value="0.011270" description="" />
   <keyValuePair key="vcc_psddr_pll_static_current" value="0.001000" description="" />
   <keyValuePair key="vcc_psddr_pll_total_current" value="0.012270" description="" />
   <keyValuePair key="vcc_psddr_pll_voltage" value="1.800000" description="" />
   <keyValuePair key="vcc_psintfp_ddr_dynamic_current" value="0.190207" description="" />
   <keyValuePair key="vcc_psintfp_ddr_static_current" value="0.004593" description="" />
   <keyValuePair key="vcc_psintfp_ddr_total_current" value="0.194799" description="" />
   <keyValuePair key="vcc_psintfp_ddr_voltage" value="0.850000" description="" />
   <keyValuePair key="vcc_psintfp_dynamic_current" value="0.934568" description="" />
   <keyValuePair key="vcc_psintfp_static_current" value="0.036752" description="" />
   <keyValuePair key="vcc_psintfp_total_current" value="0.971321" description="" />
   <keyValuePair key="vcc_psintfp_voltage" value="0.850000" description="" />
   <keyValuePair key="vcc_psintlp_dynamic_current" value="0.308762" description="" />
   <keyValuePair key="vcc_psintlp_static_current" value="0.007440" description="" />
   <keyValuePair key="vcc_psintlp_total_current" value="0.316202" description="" />
   <keyValuePair key="vcc_psintlp_voltage" value="0.850000" description="" />
   <keyValuePair key="vcc_pspll_dynamic_current" value="0.067786" description="" />
   <keyValuePair key="vcc_pspll_static_current" value="0.002000" description="" />
   <keyValuePair key="vcc_pspll_total_current" value="0.069786" description="" />
   <keyValuePair key="vcc_pspll_voltage" value="1.200000" description="" />
   <keyValuePair key="vccadc_dynamic_current" value="0.000000" description="" />
   <keyValuePair key="vccadc_static_current" value="0.008000" description="" />
   <keyValuePair key="vccadc_total_current" value="0.008000" description="" />
   <keyValuePair key="vccadc_voltage" value="1.800000" description="" />
   <keyValuePair key="vccaux_dynamic_current" value="0.000000" description="" />
   <keyValuePair key="vccaux_io_dynamic_current" value="0.000000" description="" />
   <keyValuePair key="vccaux_io_static_current" value="0.025377" description="" />
   <keyValuePair key="vccaux_io_total_current" value="0.025377" description="" />
   <keyValuePair key="vccaux_io_voltage" value="1.800000" description="" />
   <keyValuePair key="vccaux_static_current" value="0.047572" description="" />
   <keyValuePair key="vccaux_total_current" value="0.047572" description="" />
   <keyValuePair key="vccaux_voltage" value="1.800000" description="" />
   <keyValuePair key="vccbram_dynamic_current" value="0.000000" description="" />
   <keyValuePair key="vccbram_static_current" value="0.000756" description="" />
   <keyValuePair key="vccbram_total_current" value="0.000756" description="" />
   <keyValuePair key="vccbram_voltage" value="0.850000" description="" />
   <keyValuePair key="vccint_dynamic_current" value="0.001148" description="" />
   <keyValuePair key="vccint_io_dynamic_current" value="0.000000" description="" />
   <keyValuePair key="vccint_io_static_current" value="0.027233" description="" />
   <keyValuePair key="vccint_io_total_current" value="0.027233" description="" />
   <keyValuePair key="vccint_io_voltage" value="0.850000" description="" />
   <keyValuePair key="vccint_static_current" value="0.053928" description="" />
   <keyValuePair key="vccint_total_current" value="0.055075" description="" />
   <keyValuePair key="vccint_voltage" value="0.850000" description="" />
   <keyValuePair key="vcco10_dynamic_current" value="0.000000" description="" />
   <keyValuePair key="vcco10_static_current" value="0.000000" description="" />
   <keyValuePair key="vcco10_total_current" value="0.000000" description="" />
   <keyValuePair key="vcco10_voltage" value="1.000000" description="" />
   <keyValuePair key="vcco12_dynamic_current" value="0.000000" description="" />
   <keyValuePair key="vcco12_static_current" value="0.000000" description="" />
   <keyValuePair key="vcco12_total_current" value="0.000000" description="" />
   <keyValuePair key="vcco12_voltage" value="1.200000" description="" />
   <keyValuePair key="vcco135_dynamic_current" value="0.000000" description="" />
   <keyValuePair key="vcco135_static_current" value="0.000000" description="" />
   <keyValuePair key="vcco135_total_current" value="0.000000" description="" />
   <keyValuePair key="vcco135_voltage" value="1.350000" description="" />
   <keyValuePair key="vcco15_dynamic_current" value="0.000000" description="" />
   <keyValuePair key="vcco15_static_current" value="0.000000" description="" />
   <keyValuePair key="vcco15_total_current" value="0.000000" description="" />
   <keyValuePair key="vcco15_voltage" value="1.500000" description="" />
   <keyValuePair key="vcco18_dynamic_current" value="0.000000" description="" />
   <keyValuePair key="vcco18_static_current" value="0.000000" description="" />
   <keyValuePair key="vcco18_total_current" value="0.000000" description="" />
   <keyValuePair key="vcco18_voltage" value="1.800000" description="" />
   <keyValuePair key="vcco25_dynamic_current" value="0.000000" description="" />
   <keyValuePair key="vcco25_static_current" value="0.000000" description="" />
   <keyValuePair key="vcco25_total_current" value="0.000000" description="" />
   <keyValuePair key="vcco25_voltage" value="2.500000" description="" />
   <keyValuePair key="vcco33_dynamic_current" value="0.000000" description="" />
   <keyValuePair key="vcco33_static_current" value="0.000000" description="" />
   <keyValuePair key="vcco33_total_current" value="0.000000" description="" />
   <keyValuePair key="vcco33_voltage" value="3.300000" description="" />
   <keyValuePair key="vcco_psddr_504_dynamic_current" value="0.214773" description="" />
   <keyValuePair key="vcco_psddr_504_static_current" value="0.034000" description="" />
   <keyValuePair key="vcco_psddr_504_total_current" value="0.248773" description="" />
   <keyValuePair key="vcco_psddr_504_voltage" value="1.200000" description="" />
   <keyValuePair key="vcco_psio0_500_dynamic_current" value="0.000533" description="" />
   <keyValuePair key="vcco_psio0_500_static_current" value="0.000600" description="" />
   <keyValuePair key="vcco_psio0_500_total_current" value="0.001133" description="" />
   <keyValuePair key="vcco_psio0_500_voltage" value="1.800000" description="" />
   <keyValuePair key="vcco_psio1_501_dynamic_current" value="0.000356" description="" />
   <keyValuePair key="vcco_psio1_501_static_current" value="0.000600" description="" />
   <keyValuePair key="vcco_psio1_501_total_current" value="0.000956" description="" />
   <keyValuePair key="vcco_psio1_501_voltage" value="1.800000" description="" />
   <keyValuePair key="vcco_psio2_502_dynamic_current" value="0.000267" description="" />
   <keyValuePair key="vcco_psio2_502_static_current" value="0.000600" description="" />
   <keyValuePair key="vcco_psio2_502_total_current" value="0.000867" description="" />
   <keyValuePair key="vcco_psio2_502_voltage" value="1.800000" description="" />
   <keyValuePair key="vcco_psio3_503_dynamic_current" value="0.000000" description="" />
   <keyValuePair key="vcco_psio3_503_static_current" value="0.000600" description="" />
   <keyValuePair key="vcco_psio3_503_total_current" value="0.000600" description="" />
   <keyValuePair key="vcco_psio3_503_voltage" value="1.800000" description="" />
   <keyValuePair key="version" value="2018.2" description="" />
   <keyValuePair key="vps_mgtravcc_dynamic_current" value="0.134237" description="" />
   <keyValuePair key="vps_mgtravcc_static_current" value="0.001000" description="" />
   <keyValuePair key="vps_mgtravcc_total_current" value="0.135237" description="" />
   <keyValuePair key="vps_mgtravcc_voltage" value="0.850000" description="" />
   <keyValuePair key="vps_mgtravtt_dynamic_current" value="0.033000" description="" />
   <keyValuePair key="vps_mgtravtt_static_current" value="0.001000" description="" />
   <keyValuePair key="vps_mgtravtt_total_current" value="0.034000" description="" />
   <keyValuePair key="vps_mgtravtt_voltage" value="1.800000" description="" />
  </section>
 </section>
 <section name="report_utilization" level="1" order="7" description="">
  <section name="io_standard" level="2" order="1" description="">
   <keyValuePair key="analog" value="0" description="" />
   <keyValuePair key="analog_se" value="0" description="" />
   <keyValuePair key="diff_hstl_i" value="0" description="" />
   <keyValuePair key="diff_hstl_i_12" value="0" description="" />
   <keyValuePair key="diff_hstl_i_18" value="0" description="" />
   <keyValuePair key="diff_hstl_i_dci" value="0" description="" />
   <keyValuePair key="diff_hstl_i_dci_12" value="0" description="" />
   <keyValuePair key="diff_hstl_i_dci_18" value="0" description="" />
   <keyValuePair key="diff_hsul_12" value="0" description="" />
   <keyValuePair key="diff_hsul_12_dci" value="0" description="" />
   <keyValuePair key="diff_pod10" value="0" description="" />
   <keyValuePair key="diff_pod10_dci" value="0" description="" />
   <keyValuePair key="diff_pod12" value="0" description="" />
   <keyValuePair key="diff_pod12_dci" value="0" description="" />
   <keyValuePair key="diff_sstl12" value="0" description="" />
   <keyValuePair key="diff_sstl12_dci" value="0" description="" />
   <keyValuePair key="diff_sstl135" value="0" description="" />
   <keyValuePair key="diff_sstl135_dci" value="0" description="" />
   <keyValuePair key="diff_sstl135_ii" value="0" description="" />
   <keyValuePair key="diff_sstl15" value="0" description="" />
   <keyValuePair key="diff_sstl15_dci" value="0" description="" />
   <keyValuePair key="diff_sstl15_ii" value="0" description="" />
   <keyValuePair key="diff_sstl18_i" value="0" description="" />
   <keyValuePair key="diff_sstl18_i_dci" value="0" description="" />
   <keyValuePair key="diff_sstl18_ii" value="0" description="" />
   <keyValuePair key="hslvdci_15" value="0" description="" />
   <keyValuePair key="hslvdci_18" value="0" description="" />
   <keyValuePair key="hstl_i" value="0" description="" />
   <keyValuePair key="hstl_i_12" value="0" description="" />
   <keyValuePair key="hstl_i_18" value="0" description="" />
   <keyValuePair key="hstl_i_dci" value="0" description="" />
   <keyValuePair key="hstl_i_dci_12" value="0" description="" />
   <keyValuePair key="hstl_i_dci_18" value="0" description="" />
   <keyValuePair key="hsul_12" value="0" description="" />
   <keyValuePair key="hsul_12_dci" value="0" description="" />
   <keyValuePair key="lvcmos12" value="0" description="" />
   <keyValuePair key="lvcmos15" value="0" description="" />
   <keyValuePair key="lvcmos18" value="0" description="" />
   <keyValuePair key="lvcmos25" value="0" description="" />
   <keyValuePair key="lvcmos33" value="0" description="" />
   <keyValuePair key="lvdci_15" value="0" description="" />
   <keyValuePair key="lvdci_18" value="0" description="" />
   <keyValuePair key="lvds" value="0" description="" />
   <keyValuePair key="lvds_25" value="0" description="" />
   <keyValuePair key="lvpecl" value="0" description="" />
   <keyValuePair key="lvttl" value="0" description="" />
   <keyValuePair key="mipi_dphy_dci" value="0" description="" />
   <keyValuePair key="pod10" value="0" description="" />
   <keyValuePair key="pod10_dci" value="0" description="" />
   <keyValuePair key="pod12" value="0" description="" />
   <keyValuePair key="pod12_dci" value="0" description="" />
   <keyValuePair key="slvs_400_18" value="0" description="" />
   <keyValuePair key="slvs_400_25" value="0" description="" />
   <keyValuePair key="sstl12" value="0" description="" />
   <keyValuePair key="sstl12_dci" value="0" description="" />
   <keyValuePair key="sstl135" value="0" description="" />
   <keyValuePair key="sstl135_dci" value="0" description="" />
   <keyValuePair key="sstl135_ii" value="0" description="" />
   <keyValuePair key="sstl15" value="0" description="" />
   <keyValuePair key="sstl15_dci" value="0" description="" />
   <keyValuePair key="sstl15_ii" value="0" description="" />
   <keyValuePair key="sstl18_i" value="0" description="" />
   <keyValuePair key="sstl18_i_dci" value="0" description="" />
   <keyValuePair key="sstl18_ii" value="0" description="" />
   <keyValuePair key="sub_lvds" value="0" description="" />
  </section>
  <section name="primitives" level="2" order="2" description="">
   <keyValuePair key="bufg_ps_functional_category" value="Clock" description="" />
   <keyValuePair key="bufg_ps_used" value="1" description="" />
   <keyValuePair key="ps8_functional_category" value="Advanced" description="" />
   <keyValuePair key="ps8_used" value="1" description="" />
  </section>
 </section>
 <section name="router" level="1" order="8" description="">
  <section name="usage" level="2" order="1" description="">
   <keyValuePair key="actual_expansions" value="232565" description="" />
   <keyValuePair key="bogomips" value="0" description="" />
   <keyValuePair key="bram18" value="0" description="" />
   <keyValuePair key="bram36" value="0" description="" />
   <keyValuePair key="bufg" value="0" description="" />
   <keyValuePair key="bufr" value="0" description="" />
   <keyValuePair key="congestion_level" value="0" description="" />
   <keyValuePair key="ctrls" value="0" description="" />
   <keyValuePair key="dsp" value="0" description="" />
   <keyValuePair key="effort" value="2" description="" />
   <keyValuePair key="estimated_expansions" value="168768" description="" />
   <keyValuePair key="ff" value="0" description="" />
   <keyValuePair key="global_clocks" value="1" description="" />
   <keyValuePair key="high_fanout_nets" value="1" description="" />
   <keyValuePair key="iob" value="0" description="" />
   <keyValuePair key="lut" value="0" description="" />
   <keyValuePair key="movable_instances" value="8" description="" />
   <keyValuePair key="nets" value="680" description="" />
   <keyValuePair key="pins" value="8266" description="" />
   <keyValuePair key="pll" value="0" description="" />
   <keyValuePair key="router_runtime" value="0.000000" description="" />
   <keyValuePair key="router_timing_driven" value="1" description="" />
   <keyValuePair key="threads" value="2" description="" />
   <keyValuePair key="timing_constraints_exist" value="1" description="" />
  </section>
 </section>
 <section name="synthesis" level="1" order="9" description="">
  <section name="command_line_options" level="2" order="1" description="">
   <keyValuePair key="-assert" value="default::[not_specified]" description="" />
   <keyValuePair key="-bufg" value="default::12" description="" />
   <keyValuePair key="-cascade_dsp" value="default::auto" description="" />
   <keyValuePair key="-constrset" value="default::[not_specified]" description="" />
   <keyValuePair key="-control_set_opt_threshold" value="default::auto" description="" />
   <keyValuePair key="-directive" value="default::default" description="" />
   <keyValuePair key="-fanout_limit" value="default::10000" description="" />
   <keyValuePair key="-flatten_hierarchy" value="default::rebuilt" description="" />
   <keyValuePair key="-fsm_extraction" value="default::auto" description="" />
   <keyValuePair key="-gated_clock_conversion" value="default::off" description="" />
   <keyValuePair key="-generic" value="default::[not_specified]" description="" />
   <keyValuePair key="-include_dirs" value="default::[not_specified]" description="" />
   <keyValuePair key="-keep_equivalent_registers" value="default::[not_specified]" description="" />
   <keyValuePair key="-max_bram" value="default::-1" description="" />
   <keyValuePair key="-max_bram_cascade_height" value="default::-1" description="" />
   <keyValuePair key="-max_dsp" value="default::-1" description="" />
   <keyValuePair key="-max_uram" value="default::-1" description="" />
   <keyValuePair key="-max_uram_cascade_height" value="default::-1" description="" />
   <keyValuePair key="-mode" value="default::default" description="" />
   <keyValuePair key="-name" value="default::[not_specified]" description="" />
   <keyValuePair key="-no_lc" value="default::[not_specified]" description="" />
   <keyValuePair key="-no_srlextract" value="default::[not_specified]" description="" />
   <keyValuePair key="-no_timing_driven" value="default::[not_specified]" description="" />
   <keyValuePair key="-part" value="xczu3eg-sbva484-1-e" description="" />
   <keyValuePair key="-resource_sharing" value="default::auto" description="" />
   <keyValuePair key="-retiming" value="default::[not_specified]" description="" />
   <keyValuePair key="-rtl" value="default::[not_specified]" description="" />
   <keyValuePair key="-rtl_skip_constraints" value="default::[not_specified]" description="" />
   <keyValuePair key="-rtl_skip_ip" value="default::[not_specified]" description="" />
   <keyValuePair key="-seu_protect" value="default::none" description="" />
   <keyValuePair key="-sfcu" value="default::[not_specified]" description="" />
   <keyValuePair key="-shreg_min_size" value="default::3" description="" />
   <keyValuePair key="-top" value="design_1_wrapper" description="" />
   <keyValuePair key="-verilog_define" value="default::[not_specified]" description="" />
  </section>
  <section name="usage" level="2" order="2" description="">
   <keyValuePair key="elapsed" value="00:00:58s" description="" />
   <keyValuePair key="hls_ip" value="0" description="" />
   <keyValuePair key="memory_gain" value="921.313MB" description="" />
   <keyValuePair key="memory_peak" value="1813.512MB" description="" />
  </section>
 </section>
 <section name="unisim_transformation" level="1" order="10" description="">
  <section name="post_unisim_transformation" level="2" order="1" description="">
   <keyValuePair key="bufg_ps" value="1" description="" />
   <keyValuePair key="fdre" value="1" description="" />
   <keyValuePair key="gnd" value="4" description="" />
   <keyValuePair key="lut1" value="292" description="" />
   <keyValuePair key="ps8" value="1" description="" />
   <keyValuePair key="vcc" value="2" description="" />
  </section>
  <section name="pre_unisim_transformation" level="2" order="2" description="">
   <keyValuePair key="bufg_ps" value="1" description="" />
   <keyValuePair key="fdre" value="1" description="" />
   <keyValuePair key="gnd" value="4" description="" />
   <keyValuePair key="lut1" value="292" description="" />
   <keyValuePair key="ps8" value="1" description="" />
   <keyValuePair key="vcc" value="2" description="" />
  </section>
 </section>
 <section name="vivado_usage" level="1" order="11" description="">
  <section name="gui_handlers" level="2" order="1" description="">
   <keyValuePair key="basedialog_ok" value="5" description="" />
   <keyValuePair key="boardchooser_board_table" value="1" description="" />
   <keyValuePair key="boardchooser_vendor" value="2" description="" />
   <keyValuePair key="cmdmsgdialog_messages" value="1" description="" />
   <keyValuePair key="cmdmsgdialog_ok" value="1" description="" />
   <keyValuePair key="coretreetablepanel_core_tree_table" value="3" description="" />
   <keyValuePair key="filesetpanel_file_set_panel_tree" value="2" description="" />
   <keyValuePair key="flownavigatortreepanel_flow_navigator_tree" value="1" description="" />
   <keyValuePair key="mainmenumgr_file" value="2" description="" />
   <keyValuePair key="mainmenumgr_project" value="1" description="" />
   <keyValuePair key="pacommandnames_create_top_hdl" value="2" description="" />
   <keyValuePair key="pacommandnames_new_project" value="1" description="" />
   <keyValuePair key="pacommandnames_run_bitgen" value="1" description="" />
   <keyValuePair key="pacommandnames_save_rsb_design" value="1" description="" />
   <keyValuePair key="projectnamechooser_choose_project_location" value="1" description="" />
   <keyValuePair key="projectnamechooser_project_name" value="1" description="" />
   <keyValuePair key="psstreetablepanelbuilder_general_tree" value="6" description="" />
   <keyValuePair key="rsbapplyautomationbar_run_block_automation" value="1" description="" />
   <keyValuePair key="systembuilderview_add_ip" value="1" description="" />
  </section>
  <section name="java_command_handlers" level="2" order="2" description="">
   <keyValuePair key="createblockdesign" value="1" description="" />
   <keyValuePair key="createtophdl" value="2" description="" />
   <keyValuePair key="customizersbblock" value="1" description="" />
   <keyValuePair key="newproject" value="1" description="" />
   <keyValuePair key="runbitgen" value="1" description="" />
   <keyValuePair key="saversbdesign" value="1" description="" />
  </section>
  <section name="other_data" level="2" order="3" description="">
   <keyValuePair key="guimode" value="1" description="" />
  </section>
  <section name="project_data" level="2" order="4" description="">
   <keyValuePair key="constraintsetcount" value="0" description="" />
   <keyValuePair key="core_container" value="false" description="" />
   <keyValuePair key="currentimplrun" value="impl_1" description="" />
   <keyValuePair key="currentsynthesisrun" value="synth_1" description="" />
   <keyValuePair key="default_library" value="xil_defaultlib" description="" />
   <keyValuePair key="designmode" value="RTL" description="" />
   <keyValuePair key="export_simulation_activehdl" value="0" description="" />
   <keyValuePair key="export_simulation_ies" value="0" description="" />
   <keyValuePair key="export_simulation_modelsim" value="0" description="" />
   <keyValuePair key="export_simulation_questa" value="0" description="" />
   <keyValuePair key="export_simulation_riviera" value="0" description="" />
   <keyValuePair key="export_simulation_vcs" value="0" description="" />
   <keyValuePair key="export_simulation_xsim" value="0" description="" />
   <keyValuePair key="implstrategy" value="Vivado Implementation Defaults" description="" />
   <keyValuePair key="launch_simulation_activehdl" value="0" description="" />
   <keyValuePair key="launch_simulation_ies" value="0" description="" />
   <keyValuePair key="launch_simulation_modelsim" value="0" description="" />
   <keyValuePair key="launch_simulation_questa" value="0" description="" />
   <keyValuePair key="launch_simulation_riviera" value="0" description="" />
   <keyValuePair key="launch_simulation_vcs" value="0" description="" />
   <keyValuePair key="launch_simulation_xsim" value="0" description="" />
   <keyValuePair key="simulator_language" value="Mixed" description="" />
   <keyValuePair key="srcsetcount" value="2" description="" />
   <keyValuePair key="synthesisstrategy" value="Vivado Synthesis Defaults" description="" />
   <keyValuePair key="target_language" value="VHDL" description="" />
   <keyValuePair key="target_simulator" value="XSim" description="" />
   <keyValuePair key="totalimplruns" value="2" description="" />
   <keyValuePair key="totalsynthesisruns" value="2" description="" />
  </section>
 </section>
</section>
</webTalkData>
