<?xml version="1.0" encoding="UTF-8"?>
<GenRun Id="zsys_ps7_irq_const_0_synth_1" LaunchPart="xc7z010clg225-1" LaunchTime="1476015738">
  <File Type="RDS-PROPCONSTRS" Name="zsys_ps7_irq_const_0_drc_synth.rpt"/>
  <File Type="PA-TCL" Name="zsys_ps7_irq_const_0.tcl"/>
  <File Type="RDS-RDS" Name="zsys_ps7_irq_const_0.vds"/>
  <File Type="RDS-UTIL" Name="zsys_ps7_irq_const_0_utilization_synth.rpt"/>
  <File Type="RDS-UTIL-PB" Name="zsys_ps7_irq_const_0_utilization_synth.pb"/>
  <File Type="RDS-DCP" Name="zsys_ps7_irq_const_0.dcp"/>
  <File Type="VDS-TIMINGSUMMARY" Name="zsys_ps7_irq_const_0_timing_summary_synth.rpt"/>
  <File Type="VDS-TIMING-PB" Name="zsys_ps7_irq_const_0_timing_summary_synth.pb"/>
  <FileSet Name="sources" Type="BlockSrcs" RelSrcDir="$PSRCDIR/zsys_ps7_irq_const_0">
    <File Path="$PSRCDIR/sources_1/bd/zsys/ip/zsys_ps7_irq_const_0/zsys_ps7_irq_const_0.xci">
      <FileInfo>
        <Attr Name="Library" Val="xil_defaultlib"/>
        <Attr Name="UsedIn" Val="synthesis"/>
        <Attr Name="UsedIn" Val="implementation"/>
        <Attr Name="UsedIn" Val="simulation"/>
        <Attr Name="ProcessingOrder" Val="EARLY"/>
      </FileInfo>
    </File>
    <Config>
      <Option Name="TopModule" Val="zsys_ps7_irq_const_0"/>
      <Option Name="UseBlackboxStub" Val="1"/>
    </Config>
  </FileSet>
  <FileSet Name="constrs_in" Type="BlockSrcs" RelSrcDir="$PSRCDIR/zsys_ps7_irq_const_0">
    <File Path="$PSRCDIR/sources_1/bd/zsys/ip/zsys_ps7_irq_const_0/zsys_ps7_irq_const_0.xci">
      <FileInfo>
        <Attr Name="Library" Val="xil_defaultlib"/>
        <Attr Name="UsedIn" Val="synthesis"/>
        <Attr Name="UsedIn" Val="implementation"/>
        <Attr Name="UsedIn" Val="simulation"/>
        <Attr Name="ProcessingOrder" Val="EARLY"/>
      </FileInfo>
    </File>
    <Config>
      <Option Name="TopModule" Val="zsys_ps7_irq_const_0"/>
      <Option Name="UseBlackboxStub" Val="1"/>
    </Config>
  </FileSet>
  <Strategy Version="1" Minor="2">
    <StratHandle Name="Vivado Synthesis Defaults" Flow="Vivado Synthesis 2016">
      <Desc>Vivado Synthesis Defaults</Desc>
    </StratHandle>
    <Step Id="synth_design"/>
  </Strategy>
</GenRun>
