<?xml version="1.0"?>
<Runs Version="1" Minor="0">
	<Run Id="zsys_rst_processing_system7_0_25M_0_synth_1" LaunchDir="C:/Users/Adam/ZynqBerry_Workspace/hello_world_bare/SDDebug/_sds/p0/ipi/te0726_m_sdsoc.runs/zsys_rst_processing_system7_0_25M_0_synth_1" FlowId="Vivado_Synthesis" FromStepId="vivado" ToStepId="vivado"/>
	<Run Id="zsys_rst_processing_system7_0_150M_0_synth_1" LaunchDir="C:/Users/Adam/ZynqBerry_Workspace/hello_world_bare/SDDebug/_sds/p0/ipi/te0726_m_sdsoc.runs/zsys_rst_processing_system7_0_150M_0_synth_1" FlowId="Vivado_Synthesis" FromStepId="vivado" ToStepId="vivado"/>
	<Run Id="zsys_processing_system7_0_0_synth_1" LaunchDir="C:/Users/Adam/ZynqBerry_Workspace/hello_world_bare/SDDebug/_sds/p0/ipi/te0726_m_sdsoc.runs/zsys_processing_system7_0_0_synth_1" FlowId="Vivado_Synthesis" FromStepId="vivado" ToStepId="vivado"/>
	<Run Id="zsys_ps7_irq_const_0_synth_1" LaunchDir="C:/Users/Adam/ZynqBerry_Workspace/hello_world_bare/SDDebug/_sds/p0/ipi/te0726_m_sdsoc.runs/zsys_ps7_irq_const_0_synth_1" FlowId="Vivado_Synthesis" FromStepId="vivado" ToStepId="vivado"/>
	<Run Id="zsys_xlconcat_0_synth_1" LaunchDir="C:/Users/Adam/ZynqBerry_Workspace/hello_world_bare/SDDebug/_sds/p0/ipi/te0726_m_sdsoc.runs/zsys_xlconcat_0_synth_1" FlowId="Vivado_Synthesis" FromStepId="vivado" ToStepId="vivado"/>
	<Run Id="zsys_rst_processing_system7_0_50M_0_synth_1" LaunchDir="C:/Users/Adam/ZynqBerry_Workspace/hello_world_bare/SDDebug/_sds/p0/ipi/te0726_m_sdsoc.runs/zsys_rst_processing_system7_0_50M_0_synth_1" FlowId="Vivado_Synthesis" FromStepId="vivado" ToStepId="vivado"/>
	<Run Id="zsys_rst_processing_system7_0_100M_0_synth_1" LaunchDir="C:/Users/Adam/ZynqBerry_Workspace/hello_world_bare/SDDebug/_sds/p0/ipi/te0726_m_sdsoc.runs/zsys_rst_processing_system7_0_100M_0_synth_1" FlowId="Vivado_Synthesis" FromStepId="vivado" ToStepId="vivado"/>
	<Run Id="synth_1" LaunchDir="C:/Users/Adam/ZynqBerry_Workspace/hello_world_bare/SDDebug/_sds/p0/ipi/te0726_m_sdsoc.runs/synth_1" FlowId="Vivado_Synthesis" FromStepId="vivado" ToStepId="vivado">
		<Parent Id="zsys_rst_processing_system7_0_25M_0_synth_1"/>
		<Parent Id="zsys_rst_processing_system7_0_150M_0_synth_1"/>
		<Parent Id="zsys_processing_system7_0_0_synth_1"/>
		<Parent Id="zsys_ps7_irq_const_0_synth_1"/>
		<Parent Id="zsys_xlconcat_0_synth_1"/>
		<Parent Id="zsys_rst_processing_system7_0_50M_0_synth_1"/>
		<Parent Id="zsys_rst_processing_system7_0_100M_0_synth_1"/>
	</Run>
</Runs>

