<?xml version="1.0" encoding="UTF-8"?>
<GenRun Id="impl_1" LaunchPart="xc7z010clg225-1" LaunchTime="1476016416">
  <File Type="OPT-DCP" Name="zsys_wrapper_opt.dcp"/>
  <File Type="ROUTE-STATUS-PB" Name="zsys_wrapper_route_status.pb"/>
  <File Type="PA-TCL" Name="zsys_wrapper.tcl"/>
  <File Type="RDI-RDI" Name="zsys_wrapper.vdi"/>
  <File Type="PWROPT-DRC" Name="zsys_wrapper_drc_pwropted.rpt"/>
  <File Type="OPT-METHODOLOGY-DRC" Name="zsys_wrapper_methodology_drc_opted.rpt"/>
  <File Type="INIT-TIMING" Name="zsys_wrapper_timing_summary_init.rpt"/>
  <File Type="OPT-DRC" Name="zsys_wrapper_drc_opted.rpt"/>
  <File Type="PWROPT-DCP" Name="zsys_wrapper_pwropt.dcp"/>
  <File Type="OPT-HWDEF" Name="zsys_wrapper.hwdef"/>
  <File Type="OPT-TIMING" Name="zsys_wrapper_timing_summary_opted.rpt"/>
  <File Type="PWROPT-TIMING" Name="zsys_wrapper_timing_summary_pwropted.rpt"/>
  <File Type="PLACE-DCP" Name="zsys_wrapper_placed.dcp"/>
  <File Type="PLACE-IO" Name="zsys_wrapper_io_placed.rpt"/>
  <File Type="PLACE-CLK" Name="zsys_wrapper_clock_utilization_placed.rpt"/>
  <File Type="PLACE-UTIL" Name="zsys_wrapper_utilization_placed.rpt"/>
  <File Type="PLACE-UTIL-PB" Name="zsys_wrapper_utilization_placed.pb"/>
  <File Type="PLACE-CTRL" Name="zsys_wrapper_control_sets_placed.rpt"/>
  <File Type="PLACE-SIMILARITY" Name="zsys_wrapper_incremental_reuse_placed.rpt"/>
  <File Type="PLACE-PRE-SIMILARITY" Name="zsys_wrapper_incremental_reuse_pre_placed.rpt"/>
  <File Type="PLACE-TIMING" Name="zsys_wrapper_timing_summary_placed.rpt"/>
  <File Type="POSTPLACE-PWROPT-DCP" Name="zsys_wrapper_postplace_pwropt.dcp"/>
  <File Type="POSTPLACE-PWROPT-TIMING" Name="zsys_wrapper_timing_summary_postplace_pwropted.rpt"/>
  <File Type="PHYSOPT-DCP" Name="zsys_wrapper_physopt.dcp"/>
  <File Type="PHYSOPT-DRC" Name="zsys_wrapper_drc_physopted.rpt"/>
  <File Type="PHYSOPT-TIMING" Name="zsys_wrapper_timing_summary_physopted.rpt"/>
  <File Type="ROUTE-DCP" Name="zsys_wrapper_routed.dcp"/>
  <File Type="ROUTE-BLACKBOX-DCP" Name="zsys_wrapper_routed_bb.dcp"/>
  <File Type="ROUTE-DRC" Name="zsys_wrapper_drc_routed.rpt"/>
  <File Type="ROUTE-DRC-PB" Name="zsys_wrapper_drc_routed.pb"/>
  <File Type="ROUTE-METHODOLOGY-DRC" Name="zsys_wrapper_methodology_drc_routed.rpt"/>
  <File Type="BG-BIT" Name="zsys_wrapper.bit"/>
  <File Type="ROUTE-METHODOLOGY-DRC-PB" Name="zsys_wrapper_methodology_drc_routed.pb"/>
  <File Type="ROUTE-PWR" Name="zsys_wrapper_power_routed.rpt"/>
  <File Type="ROUTE-PWR-SUM" Name="zsys_wrapper_power_summary_routed.pb"/>
  <File Type="ROUTE-PWR-RPX" Name="zsys_wrapper_power_routed.rpx"/>
  <File Type="ROUTE-STATUS" Name="zsys_wrapper_route_status.rpt"/>
  <File Type="ROUTE-TIMINGSUMMARY" Name="zsys_wrapper_timing_summary_routed.rpt"/>
  <File Type="ROUTE-TIMING-PB" Name="zsys_wrapper_timing_summary_routed.pb"/>
  <File Type="ROUTE-TIMING-RPX" Name="zsys_wrapper_timing_summary_routed.rpx"/>
  <File Type="ROUTE-SIMILARITY" Name="zsys_wrapper_incremental_reuse_routed.rpt"/>
  <File Type="ROUTE-CLK" Name="zsys_wrapper_clock_utilization_routed.rpt"/>
  <File Type="POSTROUTE-PHYSOPT-DCP" Name="zsys_wrapper_postroute_physopt.dcp"/>
  <File Type="POSTROUTE-PHYSOPT-BLACKBOX-DCP" Name="zsys_wrapper_postroute_physopt_bb.dcp"/>
  <File Type="POSTROUTE-PHYSOPT-TIMING" Name="zsys_wrapper_timing_summary_postroute_physopted.rpt"/>
  <File Type="POSTROUTE-PHYSOPT-TIMING-PB" Name="zsys_wrapper_timing_summary_postroute_physopted.pb"/>
  <File Type="POSTROUTE-PHYSOPT-TIMING-RPX" Name="zsys_wrapper_timing_summary_postroute_physopted.rpx"/>
  <File Type="BG-BIN" Name="zsys_wrapper.bin"/>
  <File Type="BITSTR-MSK" Name="zsys_wrapper.msk"/>
  <File Type="BITSTR-RBT" Name="zsys_wrapper.rbt"/>
  <File Type="BITSTR-NKY" Name="zsys_wrapper.nky"/>
  <File Type="BITSTR-BMM" Name="zsys_wrapper_bd.bmm"/>
  <File Type="BITSTR-MMI" Name="zsys_wrapper.mmi"/>
  <File Type="BITSTR-SYSDEF" Name="zsys_wrapper.sysdef"/>
  <File Type="BG-BGN" Name="zsys_wrapper.bgn"/>
  <File Type="BG-DRC" Name="zsys_wrapper.drc"/>
  <File Type="WBT-USG" Name="usage_statistics_webtalk.html"/>
  <FileSet Name="sources" Type="DesignSrcs" RelSrcDir="$PSRCDIR/sources_1">
    <Filter Type="Srcs"/>
    <File Path="$PSRCDIR/sources_1/bd/zsys/zsys.bd">
      <FileInfo>
        <Attr Name="UsedIn" Val="synthesis"/>
        <Attr Name="UsedIn" Val="implementation"/>
        <Attr Name="UsedIn" Val="simulation"/>
      </FileInfo>
    </File>
    <File Path="$PSRCDIR/sources_1/bd/zsys/hdl/zsys_wrapper.v">
      <FileInfo>
        <Attr Name="UsedIn" Val="synthesis"/>
        <Attr Name="UsedIn" Val="implementation"/>
        <Attr Name="UsedIn" Val="simulation"/>
      </FileInfo>
    </File>
    <Config>
      <Option Name="DesignMode" Val="RTL"/>
      <Option Name="TopModule" Val="zsys_wrapper"/>
      <Option Name="TopAutoSet" Val="TRUE"/>
    </Config>
  </FileSet>
  <FileSet Name="constrs_in" Type="Constrs" RelSrcDir="$PSRCDIR/constrs_1">
    <Filter Type="Constrs"/>
    <File Path="$PPRDIR/../../../../../../Downloads/te0726-te0726_m_sdsoc-vivado_2016.2-build_07_20160927093421/te0726_m_sdsoc/constraints/vivado_target.xdc">
      <FileInfo>
        <Attr Name="UsedIn" Val="synthesis"/>
        <Attr Name="UsedIn" Val="implementation"/>
      </FileInfo>
    </File>
    <File Path="$PSRCDIR/constrs_1/_i_exclude_boardpart_io_loc.xdc">
      <FileInfo>
        <Attr Name="UsedIn" Val="implementation"/>
      </FileInfo>
    </File>
    <Config>
      <Option Name="TargetConstrsFile" Val="$PPRDIR/../../../../../../Downloads/te0726-te0726_m_sdsoc-vivado_2016.2-build_07_20160927093421/te0726_m_sdsoc/constraints/vivado_target.xdc"/>
      <Option Name="ConstrsType" Val="XDC"/>
    </Config>
  </FileSet>
  <Strategy Version="1" Minor="2">
    <StratHandle Name="Vivado Implementation Defaults" Flow="Vivado Implementation 2016"/>
    <Step Id="init_design"/>
    <Step Id="opt_design"/>
    <Step Id="power_opt_design"/>
    <Step Id="place_design"/>
    <Step Id="post_place_power_opt_design"/>
    <Step Id="phys_opt_design"/>
    <Step Id="route_design"/>
    <Step Id="post_route_phys_opt_design"/>
    <Step Id="write_bitstream"/>
  </Strategy>
  <BlockFileSet Type="BlockSrcs" Name="zsys_rst_processing_system7_0_50M_0"/>
  <BlockFileSet Type="BlockSrcs" Name="zsys_rst_processing_system7_0_25M_0"/>
  <BlockFileSet Type="BlockSrcs" Name="zsys_rst_processing_system7_0_150M_0"/>
  <BlockFileSet Type="BlockSrcs" Name="zsys_processing_system7_0_0"/>
  <BlockFileSet Type="BlockSrcs" Name="zsys_ps7_irq_const_0"/>
  <BlockFileSet Type="BlockSrcs" Name="zsys_xlconcat_0"/>
  <BlockFileSet Type="BlockSrcs" Name="zsys_rst_processing_system7_0_100M_0"/>
</GenRun>
